Metric,Type,Value,Protein,Category,Subcategory,Z_score
clashscore,Maximum,306.08,1GHQ,Boltz,raw,11.22498129402969
clashscore,Minimum,0.0,1AVX,AlphaFold,raw,-0.6978627213491282
clashscore,Minimum,0.0,1AY7,AlphaFold,raw,-0.6978627213491282
clashscore,Minimum,0.0,1BVN,AlphaFold,raw,-0.6978627213491282
clashscore,Minimum,0.0,1EFN,AlphaFold,raw,-0.6978627213491282
rama_outliers_pct,Maximum,9.251101321585905,1HCF,AlphaFold,raw,8.750677091950422
rama_outliers_pct,Minimum,0.0,1AK4,Boltz,raw,-0.470090575750685
rama_outliers_pct,Minimum,0.0,1AK4,Boltz,raw,-0.470090575750685
rama_outliers_pct,Minimum,0.0,1AK4,Boltz,raw,-0.470090575750685
rama_outliers_pct,Minimum,0.0,1AK4,Boltz,raw,-0.470090575750685
rama_outliers_pct,Minimum,0.0,1AK4,Boltz,raw,-0.470090575750685
rama_outliers_pct,Minimum,0.0,1AK4,Experimental,relaxed_cartesian_beta,-0.470090575750685
rama_outliers_pct,Minimum,0.0,1AK4,Experimental,relaxed_cartesian_ref15,-0.470090575750685
rama_outliers_pct,Minimum,0.0,1AK4,Experimental,relaxed_dualspace_beta,-0.470090575750685
rama_outliers_pct,Minimum,0.0,1AK4,Experimental,relaxed_dualspace_beta,-0.470090575750685
rama_outliers_pct,Minimum,0.0,1AK4,Experimental,relaxed_dualspace_beta,-0.470090575750685
rama_outliers_pct,Minimum,0.0,1AK4,Experimental,relaxed_dualspace_beta,-0.470090575750685
rama_outliers_pct,Minimum,0.0,1AK4,Experimental,relaxed_dualspace_beta,-0.470090575750685
rama_outliers_pct,Minimum,0.0,1AK4,Experimental,relaxed_dualspace_ref15,-0.470090575750685
rama_outliers_pct,Minimum,0.0,1AK4,Experimental,relaxed_dualspace_ref15,-0.470090575750685
rama_outliers_pct,Minimum,0.0,1AK4,Experimental,relaxed_dualspace_ref15,-0.470090575750685
rama_outliers_pct,Minimum,0.0,1AK4,Experimental,relaxed_dualspace_ref15,-0.470090575750685
rama_outliers_pct,Minimum,0.0,1AK4,Experimental,relaxed_dualspace_ref15,-0.470090575750685
rama_outliers_pct,Minimum,0.0,1AK4,Experimental,relaxed_normal_beta,-0.470090575750685
rama_outliers_pct,Minimum,0.0,1AK4,Experimental,relaxed_normal_beta,-0.470090575750685
rama_outliers_pct,Minimum,0.0,1AK4,Experimental,relaxed_normal_beta,-0.470090575750685
rama_outliers_pct,Minimum,0.0,1AK4,Experimental,relaxed_normal_beta,-0.470090575750685
rama_outliers_pct,Minimum,0.0,1AK4,Experimental,relaxed_normal_beta,-0.470090575750685
rama_outliers_pct,Minimum,0.0,1AK4,Experimental,relaxed_normal_ref15,-0.470090575750685
rama_outliers_pct,Minimum,0.0,1AK4,Experimental,relaxed_normal_ref15,-0.470090575750685
rama_outliers_pct,Minimum,0.0,1AK4,Experimental,relaxed_normal_ref15,-0.470090575750685
rama_outliers_pct,Minimum,0.0,1AK4,Experimental,relaxed_normal_ref15,-0.470090575750685
rama_outliers_pct,Minimum,0.0,1AK4,Experimental,relaxed_normal_ref15,-0.470090575750685
rama_outliers_pct,Minimum,0.0,1AKJ,AlphaFold,raw,-0.470090575750685
rama_outliers_pct,Minimum,0.0,1AKJ,Boltz,raw,-0.470090575750685
rama_outliers_pct,Minimum,0.0,1AKJ,Boltz,raw,-0.470090575750685
rama_outliers_pct,Minimum,0.0,1AKJ,Boltz,raw,-0.470090575750685
rama_outliers_pct,Minimum,0.0,1AKJ,Boltz,raw,-0.470090575750685
rama_outliers_pct,Minimum,0.0,1AKJ,Experimental,relaxed_cartesian_beta,-0.470090575750685
rama_outliers_pct,Minimum,0.0,1AKJ,Experimental,relaxed_cartesian_beta,-0.470090575750685
rama_outliers_pct,Minimum,0.0,1AKJ,Experimental,relaxed_cartesian_beta,-0.470090575750685
rama_outliers_pct,Minimum,0.0,1AKJ,Experimental,relaxed_cartesian_beta,-0.470090575750685
rama_outliers_pct,Minimum,0.0,1AKJ,Experimental,relaxed_cartesian_beta,-0.470090575750685
rama_outliers_pct,Minimum,0.0,1AKJ,Experimental,relaxed_cartesian_ref15,-0.470090575750685
rama_outliers_pct,Minimum,0.0,1AKJ,Experimental,relaxed_cartesian_ref15,-0.470090575750685
rama_outliers_pct,Minimum,0.0,1AKJ,Experimental,relaxed_cartesian_ref15,-0.470090575750685
rama_outliers_pct,Minimum,0.0,1AKJ,Experimental,relaxed_cartesian_ref15,-0.470090575750685
rama_outliers_pct,Minimum,0.0,1AKJ,Experimental,relaxed_cartesian_ref15,-0.470090575750685
rama_outliers_pct,Minimum,0.0,1AKJ,Experimental,relaxed_dualspace_beta,-0.470090575750685
rama_outliers_pct,Minimum,0.0,1AKJ,Experimental,relaxed_dualspace_beta,-0.470090575750685
rama_outliers_pct,Minimum,0.0,1AKJ,Experimental,relaxed_dualspace_ref15,-0.470090575750685
rama_outliers_pct,Minimum,0.0,1AKJ,Experimental,relaxed_dualspace_ref15,-0.470090575750685
rama_outliers_pct,Minimum,0.0,1AKJ,Experimental,relaxed_dualspace_ref15,-0.470090575750685
rama_outliers_pct,Minimum,0.0,1AKJ,Experimental,relaxed_dualspace_ref15,-0.470090575750685
rama_outliers_pct,Minimum,0.0,1AKJ,Experimental,relaxed_dualspace_ref15,-0.470090575750685
rama_outliers_pct,Minimum,0.0,1AKJ,Experimental,relaxed_normal_beta,-0.470090575750685
rama_outliers_pct,Minimum,0.0,1AKJ,Experimental,relaxed_normal_beta,-0.470090575750685
rama_outliers_pct,Minimum,0.0,1AKJ,Experimental,relaxed_normal_beta,-0.470090575750685
rama_outliers_pct,Minimum,0.0,1AKJ,Experimental,relaxed_normal_beta,-0.470090575750685
rama_outliers_pct,Minimum,0.0,1AKJ,Experimental,relaxed_normal_ref15,-0.470090575750685
rama_outliers_pct,Minimum,0.0,1AKJ,Experimental,relaxed_normal_ref15,-0.470090575750685
rama_outliers_pct,Minimum,0.0,1AKJ,Experimental,relaxed_normal_ref15,-0.470090575750685
rama_outliers_pct,Minimum,0.0,1AKJ,Experimental,relaxed_normal_ref15,-0.470090575750685
rama_outliers_pct,Minimum,0.0,1AKJ,Experimental,relaxed_normal_ref15,-0.470090575750685
rama_outliers_pct,Minimum,0.0,1AVX,AlphaFold,raw,-0.470090575750685
rama_outliers_pct,Minimum,0.0,1AVX,Boltz,raw,-0.470090575750685
rama_outliers_pct,Minimum,0.0,1AVX,Boltz,raw,-0.470090575750685
rama_outliers_pct,Minimum,0.0,1AVX,Boltz,raw,-0.470090575750685
rama_outliers_pct,Minimum,0.0,1AVX,Boltz,raw,-0.470090575750685
rama_outliers_pct,Minimum,0.0,1AVX,Boltz,raw,-0.470090575750685
rama_outliers_pct,Minimum,0.0,1AVX,Experimental,relaxed_cartesian_ref15,-0.470090575750685
rama_outliers_pct,Minimum,0.0,1AVX,Experimental,relaxed_cartesian_ref15,-0.470090575750685
rama_outliers_pct,Minimum,0.0,1AVX,Experimental,relaxed_dualspace_ref15,-0.470090575750685
rama_outliers_pct,Minimum,0.0,1AVX,Experimental,relaxed_dualspace_ref15,-0.470090575750685
rama_outliers_pct,Minimum,0.0,1AVX,Experimental,relaxed_dualspace_ref15,-0.470090575750685
rama_outliers_pct,Minimum,0.0,1AVX,Experimental,relaxed_normal_ref15,-0.470090575750685
rama_outliers_pct,Minimum,0.0,1AVX,Experimental,relaxed_normal_ref15,-0.470090575750685
rama_outliers_pct,Minimum,0.0,1AVX,Experimental,relaxed_normal_ref15,-0.470090575750685
rama_outliers_pct,Minimum,0.0,1AVX,Experimental,relaxed_normal_ref15,-0.470090575750685
rama_outliers_pct,Minimum,0.0,1AVX,Experimental,relaxed_normal_ref15,-0.470090575750685
rama_outliers_pct,Minimum,0.0,1AY7,AlphaFold,raw,-0.470090575750685
rama_outliers_pct,Minimum,0.0,1AY7,AlphaFold,raw,-0.470090575750685
rama_outliers_pct,Minimum,0.0,1AY7,AlphaFold,raw,-0.470090575750685
rama_outliers_pct,Minimum,0.0,1AY7,AlphaFold,raw,-0.470090575750685
rama_outliers_pct,Minimum,0.0,1AY7,AlphaFold,raw,-0.470090575750685
rama_outliers_pct,Minimum,0.0,1AY7,Boltz,raw,-0.470090575750685
rama_outliers_pct,Minimum,0.0,1AY7,Boltz,raw,-0.470090575750685
rama_outliers_pct,Minimum,0.0,1AY7,Boltz,raw,-0.470090575750685
rama_outliers_pct,Minimum,0.0,1AY7,Boltz,raw,-0.470090575750685
rama_outliers_pct,Minimum,0.0,1AY7,Boltz,raw,-0.470090575750685
rama_outliers_pct,Minimum,0.0,1AY7,Experimental,relaxed_cartesian_ref15,-0.470090575750685
rama_outliers_pct,Minimum,0.0,1AY7,Experimental,relaxed_dualspace_beta,-0.470090575750685
rama_outliers_pct,Minimum,0.0,1AY7,Experimental,relaxed_dualspace_beta,-0.470090575750685
rama_outliers_pct,Minimum,0.0,1AY7,Experimental,relaxed_dualspace_beta,-0.470090575750685
rama_outliers_pct,Minimum,0.0,1AY7,Experimental,relaxed_dualspace_beta,-0.470090575750685
rama_outliers_pct,Minimum,0.0,1AY7,Experimental,relaxed_dualspace_beta,-0.470090575750685
rama_outliers_pct,Minimum,0.0,1AY7,Experimental,relaxed_dualspace_ref15,-0.470090575750685
rama_outliers_pct,Minimum,0.0,1AY7,Experimental,relaxed_dualspace_ref15,-0.470090575750685
rama_outliers_pct,Minimum,0.0,1AY7,Experimental,relaxed_dualspace_ref15,-0.470090575750685
rama_outliers_pct,Minimum,0.0,1AY7,Experimental,relaxed_dualspace_ref15,-0.470090575750685
rama_outliers_pct,Minimum,0.0,1AY7,Experimental,relaxed_dualspace_ref15,-0.470090575750685
rama_outliers_pct,Minimum,0.0,1AY7,Experimental,relaxed_normal_beta,-0.470090575750685
rama_outliers_pct,Minimum,0.0,1AY7,Experimental,relaxed_normal_beta,-0.470090575750685
rama_outliers_pct,Minimum,0.0,1AY7,Experimental,relaxed_normal_beta,-0.470090575750685
rama_outliers_pct,Minimum,0.0,1AY7,Experimental,relaxed_normal_beta,-0.470090575750685
rama_outliers_pct,Minimum,0.0,1AY7,Experimental,relaxed_normal_beta,-0.470090575750685
rama_outliers_pct,Minimum,0.0,1AY7,Experimental,relaxed_normal_ref15,-0.470090575750685
rama_outliers_pct,Minimum,0.0,1AY7,Experimental,relaxed_normal_ref15,-0.470090575750685
rama_outliers_pct,Minimum,0.0,1AY7,Experimental,relaxed_normal_ref15,-0.470090575750685
rama_outliers_pct,Minimum,0.0,1AY7,Experimental,relaxed_normal_ref15,-0.470090575750685
rama_outliers_pct,Minimum,0.0,1AY7,Experimental,relaxed_normal_ref15,-0.470090575750685
rama_outliers_pct,Minimum,0.0,1AZS,Experimental,relaxed_cartesian_beta,-0.470090575750685
rama_outliers_pct,Minimum,0.0,1AZS,Experimental,relaxed_cartesian_ref15,-0.470090575750685
rama_outliers_pct,Minimum,0.0,1AZS,Experimental,relaxed_cartesian_ref15,-0.470090575750685
rama_outliers_pct,Minimum,0.0,1AZS,Experimental,relaxed_dualspace_beta,-0.470090575750685
rama_outliers_pct,Minimum,0.0,1AZS,Experimental,relaxed_dualspace_beta,-0.470090575750685
rama_outliers_pct,Minimum,0.0,1AZS,Experimental,relaxed_dualspace_beta,-0.470090575750685
rama_outliers_pct,Minimum,0.0,1AZS,Experimental,relaxed_dualspace_beta,-0.470090575750685
rama_outliers_pct,Minimum,0.0,1AZS,Experimental,relaxed_dualspace_beta,-0.470090575750685
rama_outliers_pct,Minimum,0.0,1AZS,Experimental,relaxed_dualspace_ref15,-0.470090575750685
rama_outliers_pct,Minimum,0.0,1AZS,Experimental,relaxed_dualspace_ref15,-0.470090575750685
rama_outliers_pct,Minimum,0.0,1AZS,Experimental,relaxed_dualspace_ref15,-0.470090575750685
rama_outliers_pct,Minimum,0.0,1AZS,Experimental,relaxed_dualspace_ref15,-0.470090575750685
rama_outliers_pct,Minimum,0.0,1AZS,Experimental,relaxed_dualspace_ref15,-0.470090575750685
rama_outliers_pct,Minimum,0.0,1AZS,Experimental,relaxed_normal_beta,-0.470090575750685
rama_outliers_pct,Minimum,0.0,1AZS,Experimental,relaxed_normal_beta,-0.470090575750685
rama_outliers_pct,Minimum,0.0,1AZS,Experimental,relaxed_normal_beta,-0.470090575750685
rama_outliers_pct,Minimum,0.0,1AZS,Experimental,relaxed_normal_beta,-0.470090575750685
rama_outliers_pct,Minimum,0.0,1AZS,Experimental,relaxed_normal_beta,-0.470090575750685
rama_outliers_pct,Minimum,0.0,1AZS,Experimental,relaxed_normal_ref15,-0.470090575750685
rama_outliers_pct,Minimum,0.0,1AZS,Experimental,relaxed_normal_ref15,-0.470090575750685
rama_outliers_pct,Minimum,0.0,1AZS,Experimental,relaxed_normal_ref15,-0.470090575750685
rama_outliers_pct,Minimum,0.0,1AZS,Experimental,relaxed_normal_ref15,-0.470090575750685
rama_outliers_pct,Minimum,0.0,1AZS,Experimental,relaxed_normal_ref15,-0.470090575750685
rama_outliers_pct,Minimum,0.0,1BUH,Boltz,raw,-0.470090575750685
rama_outliers_pct,Minimum,0.0,1BUH,Boltz,raw,-0.470090575750685
rama_outliers_pct,Minimum,0.0,1BUH,Boltz,raw,-0.470090575750685
rama_outliers_pct,Minimum,0.0,1BUH,Boltz,raw,-0.470090575750685
rama_outliers_pct,Minimum,0.0,1BVN,Boltz,raw,-0.470090575750685
rama_outliers_pct,Minimum,0.0,1BVN,Boltz,raw,-0.470090575750685
rama_outliers_pct,Minimum,0.0,1BVN,Boltz,raw,-0.470090575750685
rama_outliers_pct,Minimum,0.0,1BVN,Boltz,raw,-0.470090575750685
rama_outliers_pct,Minimum,0.0,1BVN,Boltz,raw,-0.470090575750685
rama_outliers_pct,Minimum,0.0,1E6E,Boltz,raw,-0.470090575750685
rama_outliers_pct,Minimum,0.0,1E6E,Boltz,raw,-0.470090575750685
rama_outliers_pct,Minimum,0.0,1E6E,Boltz,raw,-0.470090575750685
rama_outliers_pct,Minimum,0.0,1E6E,Experimental,relaxed_dualspace_beta,-0.470090575750685
rama_outliers_pct,Minimum,0.0,1E6E,Experimental,relaxed_dualspace_beta,-0.470090575750685
rama_outliers_pct,Minimum,0.0,1E6E,Experimental,relaxed_dualspace_beta,-0.470090575750685
rama_outliers_pct,Minimum,0.0,1E6E,Experimental,relaxed_dualspace_ref15,-0.470090575750685
rama_outliers_pct,Minimum,0.0,1E6E,Experimental,relaxed_dualspace_ref15,-0.470090575750685
rama_outliers_pct,Minimum,0.0,1E6E,Experimental,relaxed_dualspace_ref15,-0.470090575750685
rama_outliers_pct,Minimum,0.0,1E6E,Experimental,relaxed_dualspace_ref15,-0.470090575750685
rama_outliers_pct,Minimum,0.0,1E6E,Experimental,relaxed_dualspace_ref15,-0.470090575750685
rama_outliers_pct,Minimum,0.0,1E6E,Experimental,relaxed_normal_beta,-0.470090575750685
rama_outliers_pct,Minimum,0.0,1E6E,Experimental,relaxed_normal_beta,-0.470090575750685
rama_outliers_pct,Minimum,0.0,1E6E,Experimental,relaxed_normal_beta,-0.470090575750685
rama_outliers_pct,Minimum,0.0,1E6E,Experimental,relaxed_normal_beta,-0.470090575750685
rama_outliers_pct,Minimum,0.0,1E6E,Experimental,relaxed_normal_beta,-0.470090575750685
rama_outliers_pct,Minimum,0.0,1E6E,Experimental,relaxed_normal_ref15,-0.470090575750685
rama_outliers_pct,Minimum,0.0,1E6E,Experimental,relaxed_normal_ref15,-0.470090575750685
rama_outliers_pct,Minimum,0.0,1E6E,Experimental,relaxed_normal_ref15,-0.470090575750685
rama_outliers_pct,Minimum,0.0,1E6E,Experimental,relaxed_normal_ref15,-0.470090575750685
rama_outliers_pct,Minimum,0.0,1EFN,Boltz,raw,-0.470090575750685
rama_outliers_pct,Minimum,0.0,1EFN,Boltz,raw,-0.470090575750685
rama_outliers_pct,Minimum,0.0,1EFN,Boltz,raw,-0.470090575750685
rama_outliers_pct,Minimum,0.0,1EFN,Boltz,raw,-0.470090575750685
rama_outliers_pct,Minimum,0.0,1EFN,Experimental,relaxed_cartesian_beta,-0.470090575750685
rama_outliers_pct,Minimum,0.0,1EFN,Experimental,relaxed_cartesian_beta,-0.470090575750685
rama_outliers_pct,Minimum,0.0,1EFN,Experimental,relaxed_cartesian_ref15,-0.470090575750685
rama_outliers_pct,Minimum,0.0,1EFN,Experimental,relaxed_dualspace_beta,-0.470090575750685
rama_outliers_pct,Minimum,0.0,1EFN,Experimental,relaxed_dualspace_beta,-0.470090575750685
rama_outliers_pct,Minimum,0.0,1EFN,Experimental,relaxed_dualspace_beta,-0.470090575750685
rama_outliers_pct,Minimum,0.0,1EFN,Experimental,relaxed_dualspace_beta,-0.470090575750685
rama_outliers_pct,Minimum,0.0,1EFN,Experimental,relaxed_dualspace_beta,-0.470090575750685
rama_outliers_pct,Minimum,0.0,1EFN,Experimental,relaxed_dualspace_ref15,-0.470090575750685
rama_outliers_pct,Minimum,0.0,1EFN,Experimental,relaxed_normal_beta,-0.470090575750685
rama_outliers_pct,Minimum,0.0,1EFN,Experimental,relaxed_normal_beta,-0.470090575750685
rama_outliers_pct,Minimum,0.0,1EFN,Experimental,relaxed_normal_beta,-0.470090575750685
rama_outliers_pct,Minimum,0.0,1EFN,Experimental,relaxed_normal_beta,-0.470090575750685
rama_outliers_pct,Minimum,0.0,1EFN,Experimental,relaxed_normal_ref15,-0.470090575750685
rama_outliers_pct,Minimum,0.0,1EFN,Experimental,relaxed_normal_ref15,-0.470090575750685
rama_outliers_pct,Minimum,0.0,1EFN,Experimental,relaxed_normal_ref15,-0.470090575750685
rama_outliers_pct,Minimum,0.0,1EFN,Experimental,relaxed_normal_ref15,-0.470090575750685
rama_outliers_pct,Minimum,0.0,1EFN,Experimental,relaxed_normal_ref15,-0.470090575750685
rama_outliers_pct,Minimum,0.0,1EWY,AlphaFold,raw,-0.470090575750685
rama_outliers_pct,Minimum,0.0,1EWY,Boltz,raw,-0.470090575750685
rama_outliers_pct,Minimum,0.0,1EWY,Boltz,raw,-0.470090575750685
rama_outliers_pct,Minimum,0.0,1EWY,Boltz,raw,-0.470090575750685
rama_outliers_pct,Minimum,0.0,1EWY,Boltz,raw,-0.470090575750685
rama_outliers_pct,Minimum,0.0,1EWY,Boltz,raw,-0.470090575750685
rama_outliers_pct,Minimum,0.0,1EWY,Experimental,relaxed_cartesian_beta,-0.470090575750685
rama_outliers_pct,Minimum,0.0,1EWY,Experimental,relaxed_dualspace_beta,-0.470090575750685
rama_outliers_pct,Minimum,0.0,1EWY,Experimental,relaxed_dualspace_beta,-0.470090575750685
rama_outliers_pct,Minimum,0.0,1EWY,Experimental,relaxed_dualspace_beta,-0.470090575750685
rama_outliers_pct,Minimum,0.0,1EWY,Experimental,relaxed_dualspace_beta,-0.470090575750685
rama_outliers_pct,Minimum,0.0,1EWY,Experimental,relaxed_dualspace_beta,-0.470090575750685
rama_outliers_pct,Minimum,0.0,1EXB,Experimental,relaxed_dualspace_ref15,-0.470090575750685
rama_outliers_pct,Minimum,0.0,1F51,AlphaFold,raw,-0.470090575750685
rama_outliers_pct,Minimum,0.0,1F51,AlphaFold,raw,-0.470090575750685
rama_outliers_pct,Minimum,0.0,1F51,Boltz,raw,-0.470090575750685
rama_outliers_pct,Minimum,0.0,1F51,Boltz,raw,-0.470090575750685
rama_outliers_pct,Minimum,0.0,1F51,Boltz,raw,-0.470090575750685
rama_outliers_pct,Minimum,0.0,1F51,Experimental,relaxed_cartesian_ref15,-0.470090575750685
rama_outliers_pct,Minimum,0.0,1F51,Experimental,relaxed_cartesian_ref15,-0.470090575750685
rama_outliers_pct,Minimum,0.0,1FCC,AlphaFold,raw,-0.470090575750685
rama_outliers_pct,Minimum,0.0,1FCC,AlphaFold,raw,-0.470090575750685
rama_outliers_pct,Minimum,0.0,1FCC,AlphaFold,raw,-0.470090575750685
rama_outliers_pct,Minimum,0.0,1FCC,AlphaFold,raw,-0.470090575750685
rama_outliers_pct,Minimum,0.0,1FCC,AlphaFold,raw,-0.470090575750685
rama_outliers_pct,Minimum,0.0,1FCC,Boltz,raw,-0.470090575750685
rama_outliers_pct,Minimum,0.0,1FCC,Experimental,relaxed_dualspace_ref15,-0.470090575750685
rama_outliers_pct,Minimum,0.0,1FCC,Experimental,relaxed_dualspace_ref15,-0.470090575750685
rama_outliers_pct,Minimum,0.0,1FCC,Experimental,relaxed_dualspace_ref15,-0.470090575750685
rama_outliers_pct,Minimum,0.0,1FCC,Experimental,relaxed_dualspace_ref15,-0.470090575750685
rama_outliers_pct,Minimum,0.0,1GHQ,AlphaFold,raw,-0.470090575750685
rama_outliers_pct,Minimum,0.0,1GHQ,Experimental,relaxed_cartesian_beta,-0.470090575750685
rama_outliers_pct,Minimum,0.0,1GHQ,Experimental,relaxed_cartesian_beta,-0.470090575750685
rama_outliers_pct,Minimum,0.0,1GHQ,Experimental,relaxed_cartesian_beta,-0.470090575750685
rama_outliers_pct,Minimum,0.0,1GHQ,Experimental,relaxed_cartesian_beta,-0.470090575750685
rama_outliers_pct,Minimum,0.0,1GHQ,Experimental,relaxed_cartesian_beta,-0.470090575750685
rama_outliers_pct,Minimum,0.0,1GHQ,Experimental,relaxed_cartesian_ref15,-0.470090575750685
rama_outliers_pct,Minimum,0.0,1GHQ,Experimental,relaxed_cartesian_ref15,-0.470090575750685
rama_outliers_pct,Minimum,0.0,1GHQ,Experimental,relaxed_cartesian_ref15,-0.470090575750685
rama_outliers_pct,Minimum,0.0,1GHQ,Experimental,relaxed_cartesian_ref15,-0.470090575750685
rama_outliers_pct,Minimum,0.0,1GHQ,Experimental,relaxed_cartesian_ref15,-0.470090575750685
rama_outliers_pct,Minimum,0.0,1GHQ,Experimental,relaxed_dualspace_beta,-0.470090575750685
rama_outliers_pct,Minimum,0.0,1GHQ,Experimental,relaxed_dualspace_beta,-0.470090575750685
rama_outliers_pct,Minimum,0.0,1GHQ,Experimental,relaxed_dualspace_beta,-0.470090575750685
rama_outliers_pct,Minimum,0.0,1GHQ,Experimental,relaxed_dualspace_beta,-0.470090575750685
rama_outliers_pct,Minimum,0.0,1GHQ,Experimental,relaxed_dualspace_beta,-0.470090575750685
rama_outliers_pct,Minimum,0.0,1GHQ,Experimental,relaxed_dualspace_ref15,-0.470090575750685
rama_outliers_pct,Minimum,0.0,1GHQ,Experimental,relaxed_dualspace_ref15,-0.470090575750685
rama_outliers_pct,Minimum,0.0,1GHQ,Experimental,relaxed_dualspace_ref15,-0.470090575750685
rama_outliers_pct,Minimum,0.0,1GHQ,Experimental,relaxed_dualspace_ref15,-0.470090575750685
rama_outliers_pct,Minimum,0.0,1GHQ,Experimental,relaxed_dualspace_ref15,-0.470090575750685
rama_outliers_pct,Minimum,0.0,1GHQ,Experimental,relaxed_normal_beta,-0.470090575750685
rama_outliers_pct,Minimum,0.0,1GHQ,Experimental,relaxed_normal_beta,-0.470090575750685
rama_outliers_pct,Minimum,0.0,1GHQ,Experimental,relaxed_normal_beta,-0.470090575750685
rama_outliers_pct,Minimum,0.0,1GHQ,Experimental,relaxed_normal_beta,-0.470090575750685
rama_outliers_pct,Minimum,0.0,1GHQ,Experimental,relaxed_normal_beta,-0.470090575750685
rama_outliers_pct,Minimum,0.0,1GHQ,Experimental,relaxed_normal_ref15,-0.470090575750685
rama_outliers_pct,Minimum,0.0,1GHQ,Experimental,relaxed_normal_ref15,-0.470090575750685
rama_outliers_pct,Minimum,0.0,1GHQ,Experimental,relaxed_normal_ref15,-0.470090575750685
rama_outliers_pct,Minimum,0.0,1GHQ,Experimental,relaxed_normal_ref15,-0.470090575750685
rama_outliers_pct,Minimum,0.0,1GHQ,Experimental,relaxed_normal_ref15,-0.470090575750685
rama_outliers_pct,Minimum,0.0,1GLA,Boltz,raw,-0.470090575750685
rama_outliers_pct,Minimum,0.0,1GLA,Boltz,raw,-0.470090575750685
rama_outliers_pct,Minimum,0.0,1GLA,Boltz,raw,-0.470090575750685
rama_outliers_pct,Minimum,0.0,1GLA,Boltz,raw,-0.470090575750685
rama_outliers_pct,Minimum,0.0,1HCF,Boltz,raw,-0.470090575750685
rama_outliers_pct,Minimum,0.0,1HCF,Boltz,raw,-0.470090575750685
rama_outliers_pct,Minimum,0.0,1HCF,Experimental,relaxed_cartesian_beta,-0.470090575750685
rama_outliers_pct,Minimum,0.0,1HCF,Experimental,relaxed_cartesian_beta,-0.470090575750685
rama_outliers_pct,Minimum,0.0,1HCF,Experimental,relaxed_cartesian_beta,-0.470090575750685
rama_outliers_pct,Minimum,0.0,1HCF,Experimental,relaxed_cartesian_ref15,-0.470090575750685
rama_outliers_pct,Minimum,0.0,1HCF,Experimental,relaxed_cartesian_ref15,-0.470090575750685
rama_outliers_pct,Minimum,0.0,1HCF,Experimental,relaxed_cartesian_ref15,-0.470090575750685
rama_outliers_pct,Minimum,0.0,1HCF,Experimental,relaxed_dualspace_beta,-0.470090575750685
rama_outliers_pct,Minimum,0.0,1HCF,Experimental,relaxed_dualspace_beta,-0.470090575750685
rama_outliers_pct,Minimum,0.0,1HCF,Experimental,relaxed_dualspace_beta,-0.470090575750685
rama_outliers_pct,Minimum,0.0,1HCF,Experimental,relaxed_dualspace_beta,-0.470090575750685
rama_outliers_pct,Minimum,0.0,1HCF,Experimental,relaxed_dualspace_beta,-0.470090575750685
rama_outliers_pct,Minimum,0.0,1HCF,Experimental,relaxed_dualspace_ref15,-0.470090575750685
rama_outliers_pct,Minimum,0.0,1HCF,Experimental,relaxed_dualspace_ref15,-0.470090575750685
rama_outliers_pct,Minimum,0.0,1HCF,Experimental,relaxed_dualspace_ref15,-0.470090575750685
rama_outliers_pct,Minimum,0.0,1HCF,Experimental,relaxed_dualspace_ref15,-0.470090575750685
rama_outliers_pct,Minimum,0.0,1HCF,Experimental,relaxed_dualspace_ref15,-0.470090575750685
rama_outliers_pct,Minimum,0.0,1HCF,Experimental,relaxed_normal_beta,-0.470090575750685
rama_outliers_pct,Minimum,0.0,1HCF,Experimental,relaxed_normal_beta,-0.470090575750685
rama_outliers_pct,Minimum,0.0,1HCF,Experimental,relaxed_normal_beta,-0.470090575750685
rama_outliers_pct,Minimum,0.0,1HCF,Experimental,relaxed_normal_ref15,-0.470090575750685
rama_outliers_pct,Minimum,0.0,1HCF,Experimental,relaxed_normal_ref15,-0.470090575750685
rama_outliers_pct,Minimum,0.0,1HCF,Experimental,relaxed_normal_ref15,-0.470090575750685
rama_outliers_pct,Minimum,0.0,1HCF,Experimental,relaxed_normal_ref15,-0.470090575750685
rama_outliers_pct,Minimum,0.0,1HCF,Experimental,relaxed_normal_ref15,-0.470090575750685
rama_outliers_pct,Minimum,0.0,1JPS,Experimental,original,-0.470090575750685
rama_outliers_pct,Minimum,0.0,1JPS,Boltz,raw,-0.470090575750685
rama_outliers_pct,Minimum,0.0,1JPS,Experimental,relaxed_dualspace_beta,-0.470090575750685
rama_outliers_pct,Minimum,0.0,1JPS,Experimental,relaxed_dualspace_beta,-0.470090575750685
rama_outliers_pct,Minimum,0.0,1JPS,Experimental,relaxed_dualspace_beta,-0.470090575750685
rama_outliers_pct,Minimum,0.0,1JPS,Experimental,relaxed_dualspace_ref15,-0.470090575750685
rama_outliers_pct,Minimum,0.0,1JPS,Experimental,relaxed_dualspace_ref15,-0.470090575750685
rama_outliers_pct,Minimum,0.0,1JPS,Experimental,relaxed_normal_beta,-0.470090575750685
rama_outliers_pct,Minimum,0.0,1JPS,Experimental,relaxed_normal_beta,-0.470090575750685
rama_outliers_pct,Minimum,0.0,1JPS,Experimental,relaxed_normal_beta,-0.470090575750685
rama_outliers_pct,Minimum,0.0,1JPS,Experimental,relaxed_normal_beta,-0.470090575750685
rama_outliers_pct,Minimum,0.0,1JPS,Experimental,relaxed_normal_beta,-0.470090575750685
rama_outliers_pct,Minimum,0.0,1JPS,Experimental,relaxed_normal_ref15,-0.470090575750685
rama_outliers_pct,Minimum,0.0,1JPS,Experimental,relaxed_normal_ref15,-0.470090575750685
rama_outliers_pct,Minimum,0.0,1JPS,Experimental,relaxed_normal_ref15,-0.470090575750685
rama_outliers_pct,Minimum,0.0,1JPS,Experimental,relaxed_normal_ref15,-0.470090575750685
rama_outliers_pct,Minimum,0.0,1VFB,AlphaFold,raw,-0.470090575750685
rama_outliers_pct,Minimum,0.0,1VFB,AlphaFold,raw,-0.470090575750685
rama_outliers_pct,Minimum,0.0,1VFB,AlphaFold,raw,-0.470090575750685
rama_outliers_pct,Minimum,0.0,1VFB,AlphaFold,raw,-0.470090575750685
rama_outliers_pct,Minimum,0.0,1VFB,AlphaFold,raw,-0.470090575750685
rama_outliers_pct,Minimum,0.0,1VFB,Boltz,raw,-0.470090575750685
rama_outliers_pct,Minimum,0.0,1VFB,Boltz,raw,-0.470090575750685
rama_outliers_pct,Minimum,0.0,1VFB,Boltz,raw,-0.470090575750685
rama_outliers_pct,Minimum,0.0,1VFB,Boltz,raw,-0.470090575750685
rama_outliers_pct,Minimum,0.0,1VFB,Boltz,raw,-0.470090575750685
rama_outliers_pct,Minimum,0.0,1VFB,Experimental,relaxed_cartesian_beta,-0.470090575750685
rama_outliers_pct,Minimum,0.0,1VFB,Experimental,relaxed_cartesian_beta,-0.470090575750685
rama_outliers_pct,Minimum,0.0,1VFB,Experimental,relaxed_cartesian_beta,-0.470090575750685
rama_outliers_pct,Minimum,0.0,1VFB,Experimental,relaxed_cartesian_beta,-0.470090575750685
rama_outliers_pct,Minimum,0.0,1VFB,Experimental,relaxed_cartesian_beta,-0.470090575750685
rama_outliers_pct,Minimum,0.0,1VFB,Experimental,relaxed_cartesian_ref15,-0.470090575750685
rama_outliers_pct,Minimum,0.0,1VFB,Experimental,relaxed_cartesian_ref15,-0.470090575750685
rama_outliers_pct,Minimum,0.0,1VFB,Experimental,relaxed_cartesian_ref15,-0.470090575750685
rama_outliers_pct,Minimum,0.0,1VFB,Experimental,relaxed_cartesian_ref15,-0.470090575750685
rama_outliers_pct,Minimum,0.0,1VFB,Experimental,relaxed_cartesian_ref15,-0.470090575750685
rama_outliers_pct,Minimum,0.0,1VFB,Experimental,relaxed_dualspace_beta,-0.470090575750685
rama_outliers_pct,Minimum,0.0,1VFB,Experimental,relaxed_dualspace_beta,-0.470090575750685
rama_outliers_pct,Minimum,0.0,1VFB,Experimental,relaxed_dualspace_beta,-0.470090575750685
rama_outliers_pct,Minimum,0.0,1VFB,Experimental,relaxed_dualspace_beta,-0.470090575750685
rama_outliers_pct,Minimum,0.0,1VFB,Experimental,relaxed_dualspace_beta,-0.470090575750685
rama_outliers_pct,Minimum,0.0,1VFB,Experimental,relaxed_dualspace_ref15,-0.470090575750685
rama_outliers_pct,Minimum,0.0,1VFB,Experimental,relaxed_dualspace_ref15,-0.470090575750685
rama_outliers_pct,Minimum,0.0,1VFB,Experimental,relaxed_dualspace_ref15,-0.470090575750685
rama_outliers_pct,Minimum,0.0,1VFB,Experimental,relaxed_dualspace_ref15,-0.470090575750685
rama_outliers_pct,Minimum,0.0,1VFB,Experimental,relaxed_dualspace_ref15,-0.470090575750685
rama_outliers_pct,Minimum,0.0,1VFB,Experimental,relaxed_normal_beta,-0.470090575750685
rama_outliers_pct,Minimum,0.0,1VFB,Experimental,relaxed_normal_beta,-0.470090575750685
rama_outliers_pct,Minimum,0.0,1VFB,Experimental,relaxed_normal_beta,-0.470090575750685
rama_outliers_pct,Minimum,0.0,1VFB,Experimental,relaxed_normal_beta,-0.470090575750685
rama_outliers_pct,Minimum,0.0,1VFB,Experimental,relaxed_normal_beta,-0.470090575750685
rama_outliers_pct,Minimum,0.0,1VFB,Experimental,relaxed_normal_ref15,-0.470090575750685
rama_outliers_pct,Minimum,0.0,1VFB,Experimental,relaxed_normal_ref15,-0.470090575750685
rama_outliers_pct,Minimum,0.0,1VFB,Experimental,relaxed_normal_ref15,-0.470090575750685
rama_outliers_pct,Minimum,0.0,1VFB,Experimental,relaxed_normal_ref15,-0.470090575750685
rama_outliers_pct,Minimum,0.0,1VFB,Experimental,relaxed_normal_ref15,-0.470090575750685
rama_outliers_pct,Minimum,0.0,2I25,Experimental,original,-0.470090575750685
rama_outliers_pct,Minimum,0.0,2I25,Boltz,raw,-0.470090575750685
rama_outliers_pct,Minimum,0.0,2I25,Boltz,raw,-0.470090575750685
rama_outliers_pct,Minimum,0.0,2I25,Boltz,raw,-0.470090575750685
rama_outliers_pct,Minimum,0.0,2I25,Boltz,raw,-0.470090575750685
rama_outliers_pct,Minimum,0.0,2I25,Boltz,raw,-0.470090575750685
rama_outliers_pct,Minimum,0.0,2I25,Experimental,relaxed_cartesian_beta,-0.470090575750685
rama_outliers_pct,Minimum,0.0,2I25,Experimental,relaxed_cartesian_beta,-0.470090575750685
rama_outliers_pct,Minimum,0.0,2I25,Experimental,relaxed_cartesian_beta,-0.470090575750685
rama_outliers_pct,Minimum,0.0,2I25,Experimental,relaxed_cartesian_beta,-0.470090575750685
rama_outliers_pct,Minimum,0.0,2I25,Experimental,relaxed_cartesian_beta,-0.470090575750685
rama_outliers_pct,Minimum,0.0,2I25,Experimental,relaxed_cartesian_ref15,-0.470090575750685
rama_outliers_pct,Minimum,0.0,2I25,Experimental,relaxed_cartesian_ref15,-0.470090575750685
rama_outliers_pct,Minimum,0.0,2I25,Experimental,relaxed_cartesian_ref15,-0.470090575750685
rama_outliers_pct,Minimum,0.0,2I25,Experimental,relaxed_cartesian_ref15,-0.470090575750685
rama_outliers_pct,Minimum,0.0,2I25,Experimental,relaxed_cartesian_ref15,-0.470090575750685
rama_outliers_pct,Minimum,0.0,2I25,Experimental,relaxed_dualspace_beta,-0.470090575750685
rama_outliers_pct,Minimum,0.0,2I25,Experimental,relaxed_dualspace_beta,-0.470090575750685
rama_outliers_pct,Minimum,0.0,2I25,Experimental,relaxed_dualspace_beta,-0.470090575750685
rama_outliers_pct,Minimum,0.0,2I25,Experimental,relaxed_dualspace_beta,-0.470090575750685
rama_outliers_pct,Minimum,0.0,2I25,Experimental,relaxed_dualspace_beta,-0.470090575750685
rama_outliers_pct,Minimum,0.0,2I25,Experimental,relaxed_dualspace_ref15,-0.470090575750685
rama_outliers_pct,Minimum,0.0,2I25,Experimental,relaxed_dualspace_ref15,-0.470090575750685
rama_outliers_pct,Minimum,0.0,2I25,Experimental,relaxed_dualspace_ref15,-0.470090575750685
rama_outliers_pct,Minimum,0.0,2I25,Experimental,relaxed_dualspace_ref15,-0.470090575750685
rama_outliers_pct,Minimum,0.0,2I25,Experimental,relaxed_dualspace_ref15,-0.470090575750685
rama_outliers_pct,Minimum,0.0,2I25,Experimental,relaxed_normal_beta,-0.470090575750685
rama_outliers_pct,Minimum,0.0,2I25,Experimental,relaxed_normal_beta,-0.470090575750685
rama_outliers_pct,Minimum,0.0,2I25,Experimental,relaxed_normal_beta,-0.470090575750685
rama_outliers_pct,Minimum,0.0,2I25,Experimental,relaxed_normal_beta,-0.470090575750685
rama_outliers_pct,Minimum,0.0,2I25,Experimental,relaxed_normal_beta,-0.470090575750685
rama_outliers_pct,Minimum,0.0,2I25,Experimental,relaxed_normal_ref15,-0.470090575750685
rama_outliers_pct,Minimum,0.0,2I25,Experimental,relaxed_normal_ref15,-0.470090575750685
rama_outliers_pct,Minimum,0.0,2I25,Experimental,relaxed_normal_ref15,-0.470090575750685
rama_outliers_pct,Minimum,0.0,2I25,Experimental,relaxed_normal_ref15,-0.470090575750685
rama_outliers_pct,Minimum,0.0,2I25,Experimental,relaxed_normal_ref15,-0.470090575750685
rotamer_outliers_pct,Maximum,24.32,1EWY,Experimental,original,15.858250372398663
rotamer_outliers_pct,Minimum,0.0,1AK4,Boltz,raw,-0.23883619547130966
rotamer_outliers_pct,Minimum,0.0,1AK4,Boltz,raw,-0.23883619547130966
rotamer_outliers_pct,Minimum,0.0,1AK4,Boltz,raw,-0.23883619547130966
rotamer_outliers_pct,Minimum,0.0,1AK4,Experimental,relaxed_cartesian_beta,-0.23883619547130966
rotamer_outliers_pct,Minimum,0.0,1AK4,Experimental,relaxed_cartesian_beta,-0.23883619547130966
rotamer_outliers_pct,Minimum,0.0,1AK4,Experimental,relaxed_cartesian_beta,-0.23883619547130966
rotamer_outliers_pct,Minimum,0.0,1AK4,Experimental,relaxed_cartesian_beta,-0.23883619547130966
rotamer_outliers_pct,Minimum,0.0,1AK4,Experimental,relaxed_cartesian_beta,-0.23883619547130966
rotamer_outliers_pct,Minimum,0.0,1AK4,Experimental,relaxed_cartesian_ref15,-0.23883619547130966
rotamer_outliers_pct,Minimum,0.0,1AK4,Experimental,relaxed_cartesian_ref15,-0.23883619547130966
rotamer_outliers_pct,Minimum,0.0,1AK4,Experimental,relaxed_cartesian_ref15,-0.23883619547130966
rotamer_outliers_pct,Minimum,0.0,1AK4,Experimental,relaxed_cartesian_ref15,-0.23883619547130966
rotamer_outliers_pct,Minimum,0.0,1AK4,Experimental,relaxed_dualspace_beta,-0.23883619547130966
rotamer_outliers_pct,Minimum,0.0,1AK4,Experimental,relaxed_dualspace_beta,-0.23883619547130966
rotamer_outliers_pct,Minimum,0.0,1AK4,Experimental,relaxed_dualspace_beta,-0.23883619547130966
rotamer_outliers_pct,Minimum,0.0,1AK4,Experimental,relaxed_dualspace_beta,-0.23883619547130966
rotamer_outliers_pct,Minimum,0.0,1AK4,Experimental,relaxed_dualspace_beta,-0.23883619547130966
rotamer_outliers_pct,Minimum,0.0,1AK4,Experimental,relaxed_dualspace_ref15,-0.23883619547130966
rotamer_outliers_pct,Minimum,0.0,1AK4,Experimental,relaxed_dualspace_ref15,-0.23883619547130966
rotamer_outliers_pct,Minimum,0.0,1AK4,Experimental,relaxed_dualspace_ref15,-0.23883619547130966
rotamer_outliers_pct,Minimum,0.0,1AK4,Experimental,relaxed_dualspace_ref15,-0.23883619547130966
rotamer_outliers_pct,Minimum,0.0,1AK4,Experimental,relaxed_dualspace_ref15,-0.23883619547130966
rotamer_outliers_pct,Minimum,0.0,1AK4,Experimental,relaxed_normal_beta,-0.23883619547130966
rotamer_outliers_pct,Minimum,0.0,1AK4,Experimental,relaxed_normal_beta,-0.23883619547130966
rotamer_outliers_pct,Minimum,0.0,1AK4,Experimental,relaxed_normal_beta,-0.23883619547130966
rotamer_outliers_pct,Minimum,0.0,1AK4,Experimental,relaxed_normal_beta,-0.23883619547130966
rotamer_outliers_pct,Minimum,0.0,1AK4,Experimental,relaxed_normal_beta,-0.23883619547130966
rotamer_outliers_pct,Minimum,0.0,1AK4,Experimental,relaxed_normal_ref15,-0.23883619547130966
rotamer_outliers_pct,Minimum,0.0,1AK4,Experimental,relaxed_normal_ref15,-0.23883619547130966
rotamer_outliers_pct,Minimum,0.0,1AK4,Experimental,relaxed_normal_ref15,-0.23883619547130966
rotamer_outliers_pct,Minimum,0.0,1AK4,Experimental,relaxed_normal_ref15,-0.23883619547130966
rotamer_outliers_pct,Minimum,0.0,1AK4,Experimental,relaxed_normal_ref15,-0.23883619547130966
rotamer_outliers_pct,Minimum,0.0,1AKJ,Experimental,relaxed_cartesian_beta,-0.23883619547130966
rotamer_outliers_pct,Minimum,0.0,1AKJ,Experimental,relaxed_cartesian_beta,-0.23883619547130966
rotamer_outliers_pct,Minimum,0.0,1AKJ,Experimental,relaxed_cartesian_beta,-0.23883619547130966
rotamer_outliers_pct,Minimum,0.0,1AKJ,Experimental,relaxed_cartesian_beta,-0.23883619547130966
rotamer_outliers_pct,Minimum,0.0,1AKJ,Experimental,relaxed_dualspace_beta,-0.23883619547130966
rotamer_outliers_pct,Minimum,0.0,1AKJ,Experimental,relaxed_dualspace_beta,-0.23883619547130966
rotamer_outliers_pct,Minimum,0.0,1AKJ,Experimental,relaxed_dualspace_beta,-0.23883619547130966
rotamer_outliers_pct,Minimum,0.0,1AKJ,Experimental,relaxed_dualspace_beta,-0.23883619547130966
rotamer_outliers_pct,Minimum,0.0,1AKJ,Experimental,relaxed_dualspace_beta,-0.23883619547130966
rotamer_outliers_pct,Minimum,0.0,1AKJ,Experimental,relaxed_normal_beta,-0.23883619547130966
rotamer_outliers_pct,Minimum,0.0,1AKJ,Experimental,relaxed_normal_beta,-0.23883619547130966
rotamer_outliers_pct,Minimum,0.0,1AVX,AlphaFold,raw,-0.23883619547130966
rotamer_outliers_pct,Minimum,0.0,1AVX,Boltz,raw,-0.23883619547130966
rotamer_outliers_pct,Minimum,0.0,1AVX,Boltz,raw,-0.23883619547130966
rotamer_outliers_pct,Minimum,0.0,1AVX,Boltz,raw,-0.23883619547130966
rotamer_outliers_pct,Minimum,0.0,1AVX,Experimental,relaxed_cartesian_beta,-0.23883619547130966
rotamer_outliers_pct,Minimum,0.0,1AVX,Experimental,relaxed_cartesian_beta,-0.23883619547130966
rotamer_outliers_pct,Minimum,0.0,1AVX,Experimental,relaxed_cartesian_beta,-0.23883619547130966
rotamer_outliers_pct,Minimum,0.0,1AVX,Experimental,relaxed_cartesian_beta,-0.23883619547130966
rotamer_outliers_pct,Minimum,0.0,1AVX,Experimental,relaxed_cartesian_beta,-0.23883619547130966
rotamer_outliers_pct,Minimum,0.0,1AVX,Experimental,relaxed_cartesian_ref15,-0.23883619547130966
rotamer_outliers_pct,Minimum,0.0,1AVX,Experimental,relaxed_cartesian_ref15,-0.23883619547130966
rotamer_outliers_pct,Minimum,0.0,1AVX,Experimental,relaxed_cartesian_ref15,-0.23883619547130966
rotamer_outliers_pct,Minimum,0.0,1AVX,Experimental,relaxed_cartesian_ref15,-0.23883619547130966
rotamer_outliers_pct,Minimum,0.0,1AVX,Experimental,relaxed_cartesian_ref15,-0.23883619547130966
rotamer_outliers_pct,Minimum,0.0,1AVX,Experimental,relaxed_dualspace_beta,-0.23883619547130966
rotamer_outliers_pct,Minimum,0.0,1AVX,Experimental,relaxed_dualspace_beta,-0.23883619547130966
rotamer_outliers_pct,Minimum,0.0,1AVX,Experimental,relaxed_dualspace_beta,-0.23883619547130966
rotamer_outliers_pct,Minimum,0.0,1AVX,Experimental,relaxed_dualspace_beta,-0.23883619547130966
rotamer_outliers_pct,Minimum,0.0,1AVX,Experimental,relaxed_dualspace_beta,-0.23883619547130966
rotamer_outliers_pct,Minimum,0.0,1AVX,Experimental,relaxed_dualspace_ref15,-0.23883619547130966
rotamer_outliers_pct,Minimum,0.0,1AVX,Experimental,relaxed_dualspace_ref15,-0.23883619547130966
rotamer_outliers_pct,Minimum,0.0,1AVX,Experimental,relaxed_dualspace_ref15,-0.23883619547130966
rotamer_outliers_pct,Minimum,0.0,1AVX,Experimental,relaxed_dualspace_ref15,-0.23883619547130966
rotamer_outliers_pct,Minimum,0.0,1AVX,Experimental,relaxed_dualspace_ref15,-0.23883619547130966
rotamer_outliers_pct,Minimum,0.0,1AVX,Experimental,relaxed_normal_beta,-0.23883619547130966
rotamer_outliers_pct,Minimum,0.0,1AVX,Experimental,relaxed_normal_beta,-0.23883619547130966
rotamer_outliers_pct,Minimum,0.0,1AVX,Experimental,relaxed_normal_beta,-0.23883619547130966
rotamer_outliers_pct,Minimum,0.0,1AVX,Experimental,relaxed_normal_beta,-0.23883619547130966
rotamer_outliers_pct,Minimum,0.0,1AVX,Experimental,relaxed_normal_beta,-0.23883619547130966
rotamer_outliers_pct,Minimum,0.0,1AVX,Experimental,relaxed_normal_ref15,-0.23883619547130966
rotamer_outliers_pct,Minimum,0.0,1AVX,Experimental,relaxed_normal_ref15,-0.23883619547130966
rotamer_outliers_pct,Minimum,0.0,1AVX,Experimental,relaxed_normal_ref15,-0.23883619547130966
rotamer_outliers_pct,Minimum,0.0,1AVX,Experimental,relaxed_normal_ref15,-0.23883619547130966
rotamer_outliers_pct,Minimum,0.0,1AVX,Experimental,relaxed_normal_ref15,-0.23883619547130966
rotamer_outliers_pct,Minimum,0.0,1AY7,AlphaFold,raw,-0.23883619547130966
rotamer_outliers_pct,Minimum,0.0,1AY7,AlphaFold,raw,-0.23883619547130966
rotamer_outliers_pct,Minimum,0.0,1AY7,AlphaFold,raw,-0.23883619547130966
rotamer_outliers_pct,Minimum,0.0,1AY7,AlphaFold,raw,-0.23883619547130966
rotamer_outliers_pct,Minimum,0.0,1AY7,AlphaFold,raw,-0.23883619547130966
rotamer_outliers_pct,Minimum,0.0,1AY7,Boltz,raw,-0.23883619547130966
rotamer_outliers_pct,Minimum,0.0,1AY7,Boltz,raw,-0.23883619547130966
rotamer_outliers_pct,Minimum,0.0,1AY7,Boltz,raw,-0.23883619547130966
rotamer_outliers_pct,Minimum,0.0,1AY7,Boltz,raw,-0.23883619547130966
rotamer_outliers_pct,Minimum,0.0,1AY7,Experimental,relaxed_cartesian_beta,-0.23883619547130966
rotamer_outliers_pct,Minimum,0.0,1AY7,Experimental,relaxed_cartesian_beta,-0.23883619547130966
rotamer_outliers_pct,Minimum,0.0,1AY7,Experimental,relaxed_cartesian_beta,-0.23883619547130966
rotamer_outliers_pct,Minimum,0.0,1AY7,Experimental,relaxed_cartesian_beta,-0.23883619547130966
rotamer_outliers_pct,Minimum,0.0,1AY7,Experimental,relaxed_cartesian_beta,-0.23883619547130966
rotamer_outliers_pct,Minimum,0.0,1AY7,Experimental,relaxed_cartesian_ref15,-0.23883619547130966
rotamer_outliers_pct,Minimum,0.0,1AY7,Experimental,relaxed_cartesian_ref15,-0.23883619547130966
rotamer_outliers_pct,Minimum,0.0,1AY7,Experimental,relaxed_cartesian_ref15,-0.23883619547130966
rotamer_outliers_pct,Minimum,0.0,1AY7,Experimental,relaxed_cartesian_ref15,-0.23883619547130966
rotamer_outliers_pct,Minimum,0.0,1AY7,Experimental,relaxed_cartesian_ref15,-0.23883619547130966
rotamer_outliers_pct,Minimum,0.0,1AY7,Experimental,relaxed_dualspace_beta,-0.23883619547130966
rotamer_outliers_pct,Minimum,0.0,1AY7,Experimental,relaxed_dualspace_beta,-0.23883619547130966
rotamer_outliers_pct,Minimum,0.0,1AY7,Experimental,relaxed_dualspace_beta,-0.23883619547130966
rotamer_outliers_pct,Minimum,0.0,1AY7,Experimental,relaxed_dualspace_beta,-0.23883619547130966
rotamer_outliers_pct,Minimum,0.0,1AY7,Experimental,relaxed_dualspace_beta,-0.23883619547130966
rotamer_outliers_pct,Minimum,0.0,1AY7,Experimental,relaxed_dualspace_ref15,-0.23883619547130966
rotamer_outliers_pct,Minimum,0.0,1AY7,Experimental,relaxed_dualspace_ref15,-0.23883619547130966
rotamer_outliers_pct,Minimum,0.0,1AY7,Experimental,relaxed_dualspace_ref15,-0.23883619547130966
rotamer_outliers_pct,Minimum,0.0,1AY7,Experimental,relaxed_dualspace_ref15,-0.23883619547130966
rotamer_outliers_pct,Minimum,0.0,1AY7,Experimental,relaxed_dualspace_ref15,-0.23883619547130966
rotamer_outliers_pct,Minimum,0.0,1AY7,Experimental,relaxed_normal_beta,-0.23883619547130966
rotamer_outliers_pct,Minimum,0.0,1AY7,Experimental,relaxed_normal_beta,-0.23883619547130966
rotamer_outliers_pct,Minimum,0.0,1AY7,Experimental,relaxed_normal_beta,-0.23883619547130966
rotamer_outliers_pct,Minimum,0.0,1AY7,Experimental,relaxed_normal_beta,-0.23883619547130966
rotamer_outliers_pct,Minimum,0.0,1AY7,Experimental,relaxed_normal_ref15,-0.23883619547130966
rotamer_outliers_pct,Minimum,0.0,1AY7,Experimental,relaxed_normal_ref15,-0.23883619547130966
rotamer_outliers_pct,Minimum,0.0,1AY7,Experimental,relaxed_normal_ref15,-0.23883619547130966
rotamer_outliers_pct,Minimum,0.0,1AY7,Experimental,relaxed_normal_ref15,-0.23883619547130966
rotamer_outliers_pct,Minimum,0.0,1AY7,Experimental,relaxed_normal_ref15,-0.23883619547130966
rotamer_outliers_pct,Minimum,0.0,1AZS,Experimental,relaxed_cartesian_beta,-0.23883619547130966
rotamer_outliers_pct,Minimum,0.0,1AZS,Experimental,relaxed_cartesian_beta,-0.23883619547130966
rotamer_outliers_pct,Minimum,0.0,1AZS,Experimental,relaxed_cartesian_beta,-0.23883619547130966
rotamer_outliers_pct,Minimum,0.0,1AZS,Experimental,relaxed_cartesian_beta,-0.23883619547130966
rotamer_outliers_pct,Minimum,0.0,1AZS,Experimental,relaxed_cartesian_ref15,-0.23883619547130966
rotamer_outliers_pct,Minimum,0.0,1AZS,Experimental,relaxed_cartesian_ref15,-0.23883619547130966
rotamer_outliers_pct,Minimum,0.0,1AZS,Experimental,relaxed_cartesian_ref15,-0.23883619547130966
rotamer_outliers_pct,Minimum,0.0,1AZS,Experimental,relaxed_cartesian_ref15,-0.23883619547130966
rotamer_outliers_pct,Minimum,0.0,1AZS,Experimental,relaxed_cartesian_ref15,-0.23883619547130966
rotamer_outliers_pct,Minimum,0.0,1AZS,Experimental,relaxed_dualspace_beta,-0.23883619547130966
rotamer_outliers_pct,Minimum,0.0,1AZS,Experimental,relaxed_dualspace_beta,-0.23883619547130966
rotamer_outliers_pct,Minimum,0.0,1AZS,Experimental,relaxed_dualspace_ref15,-0.23883619547130966
rotamer_outliers_pct,Minimum,0.0,1AZS,Experimental,relaxed_dualspace_ref15,-0.23883619547130966
rotamer_outliers_pct,Minimum,0.0,1AZS,Experimental,relaxed_dualspace_ref15,-0.23883619547130966
rotamer_outliers_pct,Minimum,0.0,1AZS,Experimental,relaxed_dualspace_ref15,-0.23883619547130966
rotamer_outliers_pct,Minimum,0.0,1AZS,Experimental,relaxed_dualspace_ref15,-0.23883619547130966
rotamer_outliers_pct,Minimum,0.0,1AZS,Experimental,relaxed_normal_beta,-0.23883619547130966
rotamer_outliers_pct,Minimum,0.0,1AZS,Experimental,relaxed_normal_beta,-0.23883619547130966
rotamer_outliers_pct,Minimum,0.0,1AZS,Experimental,relaxed_normal_ref15,-0.23883619547130966
rotamer_outliers_pct,Minimum,0.0,1AZS,Experimental,relaxed_normal_ref15,-0.23883619547130966
rotamer_outliers_pct,Minimum,0.0,1BUH,Boltz,raw,-0.23883619547130966
rotamer_outliers_pct,Minimum,0.0,1BUH,Boltz,raw,-0.23883619547130966
rotamer_outliers_pct,Minimum,0.0,1BUH,Experimental,relaxed_cartesian_beta,-0.23883619547130966
rotamer_outliers_pct,Minimum,0.0,1BUH,Experimental,relaxed_cartesian_beta,-0.23883619547130966
rotamer_outliers_pct,Minimum,0.0,1BUH,Experimental,relaxed_cartesian_beta,-0.23883619547130966
rotamer_outliers_pct,Minimum,0.0,1BUH,Experimental,relaxed_cartesian_beta,-0.23883619547130966
rotamer_outliers_pct,Minimum,0.0,1BUH,Experimental,relaxed_cartesian_beta,-0.23883619547130966
rotamer_outliers_pct,Minimum,0.0,1BUH,Experimental,relaxed_cartesian_ref15,-0.23883619547130966
rotamer_outliers_pct,Minimum,0.0,1BUH,Experimental,relaxed_cartesian_ref15,-0.23883619547130966
rotamer_outliers_pct,Minimum,0.0,1BUH,Experimental,relaxed_cartesian_ref15,-0.23883619547130966
rotamer_outliers_pct,Minimum,0.0,1BUH,Experimental,relaxed_cartesian_ref15,-0.23883619547130966
rotamer_outliers_pct,Minimum,0.0,1BUH,Experimental,relaxed_cartesian_ref15,-0.23883619547130966
rotamer_outliers_pct,Minimum,0.0,1BUH,Experimental,relaxed_dualspace_beta,-0.23883619547130966
rotamer_outliers_pct,Minimum,0.0,1BUH,Experimental,relaxed_dualspace_beta,-0.23883619547130966
rotamer_outliers_pct,Minimum,0.0,1BUH,Experimental,relaxed_dualspace_beta,-0.23883619547130966
rotamer_outliers_pct,Minimum,0.0,1BUH,Experimental,relaxed_dualspace_beta,-0.23883619547130966
rotamer_outliers_pct,Minimum,0.0,1BUH,Experimental,relaxed_dualspace_beta,-0.23883619547130966
rotamer_outliers_pct,Minimum,0.0,1BUH,Experimental,relaxed_dualspace_ref15,-0.23883619547130966
rotamer_outliers_pct,Minimum,0.0,1BUH,Experimental,relaxed_dualspace_ref15,-0.23883619547130966
rotamer_outliers_pct,Minimum,0.0,1BUH,Experimental,relaxed_dualspace_ref15,-0.23883619547130966
rotamer_outliers_pct,Minimum,0.0,1BUH,Experimental,relaxed_dualspace_ref15,-0.23883619547130966
rotamer_outliers_pct,Minimum,0.0,1BUH,Experimental,relaxed_dualspace_ref15,-0.23883619547130966
rotamer_outliers_pct,Minimum,0.0,1BUH,Experimental,relaxed_normal_beta,-0.23883619547130966
rotamer_outliers_pct,Minimum,0.0,1BUH,Experimental,relaxed_normal_beta,-0.23883619547130966
rotamer_outliers_pct,Minimum,0.0,1BUH,Experimental,relaxed_normal_beta,-0.23883619547130966
rotamer_outliers_pct,Minimum,0.0,1BUH,Experimental,relaxed_normal_beta,-0.23883619547130966
rotamer_outliers_pct,Minimum,0.0,1BUH,Experimental,relaxed_normal_beta,-0.23883619547130966
rotamer_outliers_pct,Minimum,0.0,1BUH,Experimental,relaxed_normal_ref15,-0.23883619547130966
rotamer_outliers_pct,Minimum,0.0,1BUH,Experimental,relaxed_normal_ref15,-0.23883619547130966
rotamer_outliers_pct,Minimum,0.0,1BUH,Experimental,relaxed_normal_ref15,-0.23883619547130966
rotamer_outliers_pct,Minimum,0.0,1BUH,Experimental,relaxed_normal_ref15,-0.23883619547130966
rotamer_outliers_pct,Minimum,0.0,1BUH,Experimental,relaxed_normal_ref15,-0.23883619547130966
rotamer_outliers_pct,Minimum,0.0,1BVN,AlphaFold,raw,-0.23883619547130966
rotamer_outliers_pct,Minimum,0.0,1BVN,Boltz,raw,-0.23883619547130966
rotamer_outliers_pct,Minimum,0.0,1BVN,Boltz,raw,-0.23883619547130966
rotamer_outliers_pct,Minimum,0.0,1BVN,Experimental,relaxed_cartesian_beta,-0.23883619547130966
rotamer_outliers_pct,Minimum,0.0,1BVN,Experimental,relaxed_cartesian_beta,-0.23883619547130966
rotamer_outliers_pct,Minimum,0.0,1BVN,Experimental,relaxed_cartesian_beta,-0.23883619547130966
rotamer_outliers_pct,Minimum,0.0,1BVN,Experimental,relaxed_cartesian_beta,-0.23883619547130966
rotamer_outliers_pct,Minimum,0.0,1BVN,Experimental,relaxed_cartesian_beta,-0.23883619547130966
rotamer_outliers_pct,Minimum,0.0,1BVN,Experimental,relaxed_cartesian_ref15,-0.23883619547130966
rotamer_outliers_pct,Minimum,0.0,1BVN,Experimental,relaxed_cartesian_ref15,-0.23883619547130966
rotamer_outliers_pct,Minimum,0.0,1BVN,Experimental,relaxed_cartesian_ref15,-0.23883619547130966
rotamer_outliers_pct,Minimum,0.0,1BVN,Experimental,relaxed_cartesian_ref15,-0.23883619547130966
rotamer_outliers_pct,Minimum,0.0,1BVN,Experimental,relaxed_cartesian_ref15,-0.23883619547130966
rotamer_outliers_pct,Minimum,0.0,1BVN,Experimental,relaxed_dualspace_beta,-0.23883619547130966
rotamer_outliers_pct,Minimum,0.0,1BVN,Experimental,relaxed_dualspace_beta,-0.23883619547130966
rotamer_outliers_pct,Minimum,0.0,1BVN,Experimental,relaxed_dualspace_beta,-0.23883619547130966
rotamer_outliers_pct,Minimum,0.0,1BVN,Experimental,relaxed_dualspace_beta,-0.23883619547130966
rotamer_outliers_pct,Minimum,0.0,1BVN,Experimental,relaxed_dualspace_beta,-0.23883619547130966
rotamer_outliers_pct,Minimum,0.0,1BVN,Experimental,relaxed_dualspace_ref15,-0.23883619547130966
rotamer_outliers_pct,Minimum,0.0,1BVN,Experimental,relaxed_dualspace_ref15,-0.23883619547130966
rotamer_outliers_pct,Minimum,0.0,1BVN,Experimental,relaxed_dualspace_ref15,-0.23883619547130966
rotamer_outliers_pct,Minimum,0.0,1BVN,Experimental,relaxed_dualspace_ref15,-0.23883619547130966
rotamer_outliers_pct,Minimum,0.0,1BVN,Experimental,relaxed_dualspace_ref15,-0.23883619547130966
rotamer_outliers_pct,Minimum,0.0,1BVN,Experimental,relaxed_normal_beta,-0.23883619547130966
rotamer_outliers_pct,Minimum,0.0,1BVN,Experimental,relaxed_normal_beta,-0.23883619547130966
rotamer_outliers_pct,Minimum,0.0,1BVN,Experimental,relaxed_normal_beta,-0.23883619547130966
rotamer_outliers_pct,Minimum,0.0,1BVN,Experimental,relaxed_normal_beta,-0.23883619547130966
rotamer_outliers_pct,Minimum,0.0,1BVN,Experimental,relaxed_normal_ref15,-0.23883619547130966
rotamer_outliers_pct,Minimum,0.0,1BVN,Experimental,relaxed_normal_ref15,-0.23883619547130966
rotamer_outliers_pct,Minimum,0.0,1BVN,Experimental,relaxed_normal_ref15,-0.23883619547130966
rotamer_outliers_pct,Minimum,0.0,1BVN,Experimental,relaxed_normal_ref15,-0.23883619547130966
rotamer_outliers_pct,Minimum,0.0,1BVN,Experimental,relaxed_normal_ref15,-0.23883619547130966
rotamer_outliers_pct,Minimum,0.0,1E6E,Boltz,raw,-0.23883619547130966
rotamer_outliers_pct,Minimum,0.0,1E6E,Boltz,raw,-0.23883619547130966
rotamer_outliers_pct,Minimum,0.0,1E6E,Experimental,relaxed_cartesian_beta,-0.23883619547130966
rotamer_outliers_pct,Minimum,0.0,1E6E,Experimental,relaxed_cartesian_beta,-0.23883619547130966
rotamer_outliers_pct,Minimum,0.0,1E6E,Experimental,relaxed_cartesian_beta,-0.23883619547130966
rotamer_outliers_pct,Minimum,0.0,1E6E,Experimental,relaxed_cartesian_beta,-0.23883619547130966
rotamer_outliers_pct,Minimum,0.0,1E6E,Experimental,relaxed_cartesian_beta,-0.23883619547130966
rotamer_outliers_pct,Minimum,0.0,1E6E,Experimental,relaxed_cartesian_ref15,-0.23883619547130966
rotamer_outliers_pct,Minimum,0.0,1E6E,Experimental,relaxed_cartesian_ref15,-0.23883619547130966
rotamer_outliers_pct,Minimum,0.0,1E6E,Experimental,relaxed_cartesian_ref15,-0.23883619547130966
rotamer_outliers_pct,Minimum,0.0,1E6E,Experimental,relaxed_cartesian_ref15,-0.23883619547130966
rotamer_outliers_pct,Minimum,0.0,1E6E,Experimental,relaxed_cartesian_ref15,-0.23883619547130966
rotamer_outliers_pct,Minimum,0.0,1E6E,Experimental,relaxed_dualspace_beta,-0.23883619547130966
rotamer_outliers_pct,Minimum,0.0,1E6E,Experimental,relaxed_dualspace_beta,-0.23883619547130966
rotamer_outliers_pct,Minimum,0.0,1E6E,Experimental,relaxed_dualspace_beta,-0.23883619547130966
rotamer_outliers_pct,Minimum,0.0,1E6E,Experimental,relaxed_dualspace_beta,-0.23883619547130966
rotamer_outliers_pct,Minimum,0.0,1E6E,Experimental,relaxed_dualspace_ref15,-0.23883619547130966
rotamer_outliers_pct,Minimum,0.0,1E6E,Experimental,relaxed_dualspace_ref15,-0.23883619547130966
rotamer_outliers_pct,Minimum,0.0,1E6E,Experimental,relaxed_dualspace_ref15,-0.23883619547130966
rotamer_outliers_pct,Minimum,0.0,1E6E,Experimental,relaxed_dualspace_ref15,-0.23883619547130966
rotamer_outliers_pct,Minimum,0.0,1E6E,Experimental,relaxed_dualspace_ref15,-0.23883619547130966
rotamer_outliers_pct,Minimum,0.0,1E6E,Experimental,relaxed_normal_beta,-0.23883619547130966
rotamer_outliers_pct,Minimum,0.0,1E6E,Experimental,relaxed_normal_beta,-0.23883619547130966
rotamer_outliers_pct,Minimum,0.0,1E6E,Experimental,relaxed_normal_beta,-0.23883619547130966
rotamer_outliers_pct,Minimum,0.0,1E6E,Experimental,relaxed_normal_beta,-0.23883619547130966
rotamer_outliers_pct,Minimum,0.0,1E6E,Experimental,relaxed_normal_beta,-0.23883619547130966
rotamer_outliers_pct,Minimum,0.0,1E6E,Experimental,relaxed_normal_ref15,-0.23883619547130966
rotamer_outliers_pct,Minimum,0.0,1E6E,Experimental,relaxed_normal_ref15,-0.23883619547130966
rotamer_outliers_pct,Minimum,0.0,1E6E,Experimental,relaxed_normal_ref15,-0.23883619547130966
rotamer_outliers_pct,Minimum,0.0,1E6E,Experimental,relaxed_normal_ref15,-0.23883619547130966
rotamer_outliers_pct,Minimum,0.0,1E6E,Experimental,relaxed_normal_ref15,-0.23883619547130966
rotamer_outliers_pct,Minimum,0.0,1EFN,Experimental,relaxed_cartesian_beta,-0.23883619547130966
rotamer_outliers_pct,Minimum,0.0,1EFN,Experimental,relaxed_cartesian_beta,-0.23883619547130966
rotamer_outliers_pct,Minimum,0.0,1EFN,Experimental,relaxed_cartesian_beta,-0.23883619547130966
rotamer_outliers_pct,Minimum,0.0,1EFN,Experimental,relaxed_cartesian_beta,-0.23883619547130966
rotamer_outliers_pct,Minimum,0.0,1EFN,Experimental,relaxed_cartesian_beta,-0.23883619547130966
rotamer_outliers_pct,Minimum,0.0,1EFN,Experimental,relaxed_cartesian_ref15,-0.23883619547130966
rotamer_outliers_pct,Minimum,0.0,1EFN,Experimental,relaxed_cartesian_ref15,-0.23883619547130966
rotamer_outliers_pct,Minimum,0.0,1EFN,Experimental,relaxed_cartesian_ref15,-0.23883619547130966
rotamer_outliers_pct,Minimum,0.0,1EFN,Experimental,relaxed_cartesian_ref15,-0.23883619547130966
rotamer_outliers_pct,Minimum,0.0,1EFN,Experimental,relaxed_cartesian_ref15,-0.23883619547130966
rotamer_outliers_pct,Minimum,0.0,1EFN,Experimental,relaxed_dualspace_beta,-0.23883619547130966
rotamer_outliers_pct,Minimum,0.0,1EFN,Experimental,relaxed_dualspace_beta,-0.23883619547130966
rotamer_outliers_pct,Minimum,0.0,1EFN,Experimental,relaxed_dualspace_beta,-0.23883619547130966
rotamer_outliers_pct,Minimum,0.0,1EFN,Experimental,relaxed_dualspace_beta,-0.23883619547130966
rotamer_outliers_pct,Minimum,0.0,1EFN,Experimental,relaxed_dualspace_beta,-0.23883619547130966
rotamer_outliers_pct,Minimum,0.0,1EFN,Experimental,relaxed_dualspace_ref15,-0.23883619547130966
rotamer_outliers_pct,Minimum,0.0,1EFN,Experimental,relaxed_dualspace_ref15,-0.23883619547130966
rotamer_outliers_pct,Minimum,0.0,1EFN,Experimental,relaxed_dualspace_ref15,-0.23883619547130966
rotamer_outliers_pct,Minimum,0.0,1EFN,Experimental,relaxed_dualspace_ref15,-0.23883619547130966
rotamer_outliers_pct,Minimum,0.0,1EFN,Experimental,relaxed_dualspace_ref15,-0.23883619547130966
rotamer_outliers_pct,Minimum,0.0,1EFN,Experimental,relaxed_normal_beta,-0.23883619547130966
rotamer_outliers_pct,Minimum,0.0,1EFN,Experimental,relaxed_normal_beta,-0.23883619547130966
rotamer_outliers_pct,Minimum,0.0,1EFN,Experimental,relaxed_normal_beta,-0.23883619547130966
rotamer_outliers_pct,Minimum,0.0,1EFN,Experimental,relaxed_normal_beta,-0.23883619547130966
rotamer_outliers_pct,Minimum,0.0,1EFN,Experimental,relaxed_normal_beta,-0.23883619547130966
rotamer_outliers_pct,Minimum,0.0,1EFN,Experimental,relaxed_normal_ref15,-0.23883619547130966
rotamer_outliers_pct,Minimum,0.0,1EFN,Experimental,relaxed_normal_ref15,-0.23883619547130966
rotamer_outliers_pct,Minimum,0.0,1EFN,Experimental,relaxed_normal_ref15,-0.23883619547130966
rotamer_outliers_pct,Minimum,0.0,1EFN,Experimental,relaxed_normal_ref15,-0.23883619547130966
rotamer_outliers_pct,Minimum,0.0,1EFN,Experimental,relaxed_normal_ref15,-0.23883619547130966
rotamer_outliers_pct,Minimum,0.0,1EWY,Boltz,raw,-0.23883619547130966
rotamer_outliers_pct,Minimum,0.0,1EWY,Experimental,relaxed_cartesian_beta,-0.23883619547130966
rotamer_outliers_pct,Minimum,0.0,1EWY,Experimental,relaxed_cartesian_beta,-0.23883619547130966
rotamer_outliers_pct,Minimum,0.0,1EWY,Experimental,relaxed_cartesian_beta,-0.23883619547130966
rotamer_outliers_pct,Minimum,0.0,1EWY,Experimental,relaxed_cartesian_beta,-0.23883619547130966
rotamer_outliers_pct,Minimum,0.0,1EWY,Experimental,relaxed_cartesian_beta,-0.23883619547130966
rotamer_outliers_pct,Minimum,0.0,1EWY,Experimental,relaxed_cartesian_ref15,-0.23883619547130966
rotamer_outliers_pct,Minimum,0.0,1EWY,Experimental,relaxed_cartesian_ref15,-0.23883619547130966
rotamer_outliers_pct,Minimum,0.0,1EWY,Experimental,relaxed_cartesian_ref15,-0.23883619547130966
rotamer_outliers_pct,Minimum,0.0,1EWY,Experimental,relaxed_cartesian_ref15,-0.23883619547130966
rotamer_outliers_pct,Minimum,0.0,1EWY,Experimental,relaxed_cartesian_ref15,-0.23883619547130966
rotamer_outliers_pct,Minimum,0.0,1EWY,Experimental,relaxed_dualspace_beta,-0.23883619547130966
rotamer_outliers_pct,Minimum,0.0,1EWY,Experimental,relaxed_dualspace_beta,-0.23883619547130966
rotamer_outliers_pct,Minimum,0.0,1EWY,Experimental,relaxed_dualspace_beta,-0.23883619547130966
rotamer_outliers_pct,Minimum,0.0,1EWY,Experimental,relaxed_dualspace_beta,-0.23883619547130966
rotamer_outliers_pct,Minimum,0.0,1EWY,Experimental,relaxed_dualspace_ref15,-0.23883619547130966
rotamer_outliers_pct,Minimum,0.0,1EWY,Experimental,relaxed_dualspace_ref15,-0.23883619547130966
rotamer_outliers_pct,Minimum,0.0,1EWY,Experimental,relaxed_dualspace_ref15,-0.23883619547130966
rotamer_outliers_pct,Minimum,0.0,1EWY,Experimental,relaxed_dualspace_ref15,-0.23883619547130966
rotamer_outliers_pct,Minimum,0.0,1EWY,Experimental,relaxed_dualspace_ref15,-0.23883619547130966
rotamer_outliers_pct,Minimum,0.0,1EWY,Experimental,relaxed_normal_beta,-0.23883619547130966
rotamer_outliers_pct,Minimum,0.0,1EWY,Experimental,relaxed_normal_beta,-0.23883619547130966
rotamer_outliers_pct,Minimum,0.0,1EWY,Experimental,relaxed_normal_beta,-0.23883619547130966
rotamer_outliers_pct,Minimum,0.0,1EWY,Experimental,relaxed_normal_ref15,-0.23883619547130966
rotamer_outliers_pct,Minimum,0.0,1EWY,Experimental,relaxed_normal_ref15,-0.23883619547130966
rotamer_outliers_pct,Minimum,0.0,1EWY,Experimental,relaxed_normal_ref15,-0.23883619547130966
rotamer_outliers_pct,Minimum,0.0,1EWY,Experimental,relaxed_normal_ref15,-0.23883619547130966
rotamer_outliers_pct,Minimum,0.0,1EWY,Experimental,relaxed_normal_ref15,-0.23883619547130966
rotamer_outliers_pct,Minimum,0.0,1EXB,Boltz,raw,-0.23883619547130966
rotamer_outliers_pct,Minimum,0.0,1EXB,Boltz,raw,-0.23883619547130966
rotamer_outliers_pct,Minimum,0.0,1EXB,Boltz,raw,-0.23883619547130966
rotamer_outliers_pct,Minimum,0.0,1EXB,Boltz,raw,-0.23883619547130966
rotamer_outliers_pct,Minimum,0.0,1EXB,Experimental,relaxed_cartesian_beta,-0.23883619547130966
rotamer_outliers_pct,Minimum,0.0,1EXB,Experimental,relaxed_cartesian_beta,-0.23883619547130966
rotamer_outliers_pct,Minimum,0.0,1EXB,Experimental,relaxed_cartesian_beta,-0.23883619547130966
rotamer_outliers_pct,Minimum,0.0,1EXB,Experimental,relaxed_cartesian_beta,-0.23883619547130966
rotamer_outliers_pct,Minimum,0.0,1EXB,Experimental,relaxed_cartesian_beta,-0.23883619547130966
rotamer_outliers_pct,Minimum,0.0,1EXB,Experimental,relaxed_cartesian_ref15,-0.23883619547130966
rotamer_outliers_pct,Minimum,0.0,1EXB,Experimental,relaxed_cartesian_ref15,-0.23883619547130966
rotamer_outliers_pct,Minimum,0.0,1EXB,Experimental,relaxed_cartesian_ref15,-0.23883619547130966
rotamer_outliers_pct,Minimum,0.0,1EXB,Experimental,relaxed_cartesian_ref15,-0.23883619547130966
rotamer_outliers_pct,Minimum,0.0,1EXB,Experimental,relaxed_cartesian_ref15,-0.23883619547130966
rotamer_outliers_pct,Minimum,0.0,1EXB,Experimental,relaxed_dualspace_beta,-0.23883619547130966
rotamer_outliers_pct,Minimum,0.0,1EXB,Experimental,relaxed_dualspace_beta,-0.23883619547130966
rotamer_outliers_pct,Minimum,0.0,1EXB,Experimental,relaxed_dualspace_beta,-0.23883619547130966
rotamer_outliers_pct,Minimum,0.0,1EXB,Experimental,relaxed_dualspace_beta,-0.23883619547130966
rotamer_outliers_pct,Minimum,0.0,1EXB,Experimental,relaxed_dualspace_beta,-0.23883619547130966
rotamer_outliers_pct,Minimum,0.0,1EXB,Experimental,relaxed_dualspace_ref15,-0.23883619547130966
rotamer_outliers_pct,Minimum,0.0,1EXB,Experimental,relaxed_dualspace_ref15,-0.23883619547130966
rotamer_outliers_pct,Minimum,0.0,1EXB,Experimental,relaxed_dualspace_ref15,-0.23883619547130966
rotamer_outliers_pct,Minimum,0.0,1EXB,Experimental,relaxed_dualspace_ref15,-0.23883619547130966
rotamer_outliers_pct,Minimum,0.0,1EXB,Experimental,relaxed_dualspace_ref15,-0.23883619547130966
rotamer_outliers_pct,Minimum,0.0,1EXB,Experimental,relaxed_normal_beta,-0.23883619547130966
rotamer_outliers_pct,Minimum,0.0,1EXB,Experimental,relaxed_normal_beta,-0.23883619547130966
rotamer_outliers_pct,Minimum,0.0,1EXB,Experimental,relaxed_normal_beta,-0.23883619547130966
rotamer_outliers_pct,Minimum,0.0,1EXB,Experimental,relaxed_normal_beta,-0.23883619547130966
rotamer_outliers_pct,Minimum,0.0,1EXB,Experimental,relaxed_normal_beta,-0.23883619547130966
rotamer_outliers_pct,Minimum,0.0,1EXB,Experimental,relaxed_normal_ref15,-0.23883619547130966
rotamer_outliers_pct,Minimum,0.0,1EXB,Experimental,relaxed_normal_ref15,-0.23883619547130966
rotamer_outliers_pct,Minimum,0.0,1EXB,Experimental,relaxed_normal_ref15,-0.23883619547130966
rotamer_outliers_pct,Minimum,0.0,1EXB,Experimental,relaxed_normal_ref15,-0.23883619547130966
rotamer_outliers_pct,Minimum,0.0,1EXB,Experimental,relaxed_normal_ref15,-0.23883619547130966
rotamer_outliers_pct,Minimum,0.0,1F51,AlphaFold,raw,-0.23883619547130966
rotamer_outliers_pct,Minimum,0.0,1F51,Experimental,relaxed_cartesian_beta,-0.23883619547130966
rotamer_outliers_pct,Minimum,0.0,1F51,Experimental,relaxed_cartesian_beta,-0.23883619547130966
rotamer_outliers_pct,Minimum,0.0,1F51,Experimental,relaxed_cartesian_beta,-0.23883619547130966
rotamer_outliers_pct,Minimum,0.0,1F51,Experimental,relaxed_cartesian_beta,-0.23883619547130966
rotamer_outliers_pct,Minimum,0.0,1F51,Experimental,relaxed_cartesian_beta,-0.23883619547130966
rotamer_outliers_pct,Minimum,0.0,1F51,Experimental,relaxed_cartesian_ref15,-0.23883619547130966
rotamer_outliers_pct,Minimum,0.0,1F51,Experimental,relaxed_cartesian_ref15,-0.23883619547130966
rotamer_outliers_pct,Minimum,0.0,1F51,Experimental,relaxed_cartesian_ref15,-0.23883619547130966
rotamer_outliers_pct,Minimum,0.0,1F51,Experimental,relaxed_cartesian_ref15,-0.23883619547130966
rotamer_outliers_pct,Minimum,0.0,1F51,Experimental,relaxed_cartesian_ref15,-0.23883619547130966
rotamer_outliers_pct,Minimum,0.0,1F51,Experimental,relaxed_dualspace_beta,-0.23883619547130966
rotamer_outliers_pct,Minimum,0.0,1F51,Experimental,relaxed_dualspace_beta,-0.23883619547130966
rotamer_outliers_pct,Minimum,0.0,1F51,Experimental,relaxed_dualspace_beta,-0.23883619547130966
rotamer_outliers_pct,Minimum,0.0,1F51,Experimental,relaxed_dualspace_beta,-0.23883619547130966
rotamer_outliers_pct,Minimum,0.0,1F51,Experimental,relaxed_dualspace_ref15,-0.23883619547130966
rotamer_outliers_pct,Minimum,0.0,1F51,Experimental,relaxed_dualspace_ref15,-0.23883619547130966
rotamer_outliers_pct,Minimum,0.0,1F51,Experimental,relaxed_dualspace_ref15,-0.23883619547130966
rotamer_outliers_pct,Minimum,0.0,1F51,Experimental,relaxed_dualspace_ref15,-0.23883619547130966
rotamer_outliers_pct,Minimum,0.0,1F51,Experimental,relaxed_dualspace_ref15,-0.23883619547130966
rotamer_outliers_pct,Minimum,0.0,1F51,Experimental,relaxed_normal_beta,-0.23883619547130966
rotamer_outliers_pct,Minimum,0.0,1F51,Experimental,relaxed_normal_beta,-0.23883619547130966
rotamer_outliers_pct,Minimum,0.0,1F51,Experimental,relaxed_normal_beta,-0.23883619547130966
rotamer_outliers_pct,Minimum,0.0,1F51,Experimental,relaxed_normal_beta,-0.23883619547130966
rotamer_outliers_pct,Minimum,0.0,1F51,Experimental,relaxed_normal_beta,-0.23883619547130966
rotamer_outliers_pct,Minimum,0.0,1F51,Experimental,relaxed_normal_ref15,-0.23883619547130966
rotamer_outliers_pct,Minimum,0.0,1F51,Experimental,relaxed_normal_ref15,-0.23883619547130966
rotamer_outliers_pct,Minimum,0.0,1F51,Experimental,relaxed_normal_ref15,-0.23883619547130966
rotamer_outliers_pct,Minimum,0.0,1F51,Experimental,relaxed_normal_ref15,-0.23883619547130966
rotamer_outliers_pct,Minimum,0.0,1F51,Experimental,relaxed_normal_ref15,-0.23883619547130966
rotamer_outliers_pct,Minimum,0.0,1FCC,AlphaFold,raw,-0.23883619547130966
rotamer_outliers_pct,Minimum,0.0,1FCC,AlphaFold,raw,-0.23883619547130966
rotamer_outliers_pct,Minimum,0.0,1FCC,Boltz,raw,-0.23883619547130966
rotamer_outliers_pct,Minimum,0.0,1FCC,Boltz,raw,-0.23883619547130966
rotamer_outliers_pct,Minimum,0.0,1FCC,Experimental,relaxed_cartesian_beta,-0.23883619547130966
rotamer_outliers_pct,Minimum,0.0,1FCC,Experimental,relaxed_cartesian_beta,-0.23883619547130966
rotamer_outliers_pct,Minimum,0.0,1FCC,Experimental,relaxed_cartesian_beta,-0.23883619547130966
rotamer_outliers_pct,Minimum,0.0,1FCC,Experimental,relaxed_cartesian_beta,-0.23883619547130966
rotamer_outliers_pct,Minimum,0.0,1FCC,Experimental,relaxed_cartesian_beta,-0.23883619547130966
rotamer_outliers_pct,Minimum,0.0,1FCC,Experimental,relaxed_cartesian_ref15,-0.23883619547130966
rotamer_outliers_pct,Minimum,0.0,1FCC,Experimental,relaxed_cartesian_ref15,-0.23883619547130966
rotamer_outliers_pct,Minimum,0.0,1FCC,Experimental,relaxed_cartesian_ref15,-0.23883619547130966
rotamer_outliers_pct,Minimum,0.0,1FCC,Experimental,relaxed_cartesian_ref15,-0.23883619547130966
rotamer_outliers_pct,Minimum,0.0,1FCC,Experimental,relaxed_cartesian_ref15,-0.23883619547130966
rotamer_outliers_pct,Minimum,0.0,1FCC,Experimental,relaxed_dualspace_beta,-0.23883619547130966
rotamer_outliers_pct,Minimum,0.0,1FCC,Experimental,relaxed_dualspace_beta,-0.23883619547130966
rotamer_outliers_pct,Minimum,0.0,1FCC,Experimental,relaxed_dualspace_beta,-0.23883619547130966
rotamer_outliers_pct,Minimum,0.0,1FCC,Experimental,relaxed_dualspace_beta,-0.23883619547130966
rotamer_outliers_pct,Minimum,0.0,1FCC,Experimental,relaxed_dualspace_beta,-0.23883619547130966
rotamer_outliers_pct,Minimum,0.0,1FCC,Experimental,relaxed_dualspace_ref15,-0.23883619547130966
rotamer_outliers_pct,Minimum,0.0,1FCC,Experimental,relaxed_dualspace_ref15,-0.23883619547130966
rotamer_outliers_pct,Minimum,0.0,1FCC,Experimental,relaxed_dualspace_ref15,-0.23883619547130966
rotamer_outliers_pct,Minimum,0.0,1FCC,Experimental,relaxed_dualspace_ref15,-0.23883619547130966
rotamer_outliers_pct,Minimum,0.0,1FCC,Experimental,relaxed_dualspace_ref15,-0.23883619547130966
rotamer_outliers_pct,Minimum,0.0,1FCC,Experimental,relaxed_normal_beta,-0.23883619547130966
rotamer_outliers_pct,Minimum,0.0,1FCC,Experimental,relaxed_normal_beta,-0.23883619547130966
rotamer_outliers_pct,Minimum,0.0,1FCC,Experimental,relaxed_normal_beta,-0.23883619547130966
rotamer_outliers_pct,Minimum,0.0,1FCC,Experimental,relaxed_normal_ref15,-0.23883619547130966
rotamer_outliers_pct,Minimum,0.0,1FCC,Experimental,relaxed_normal_ref15,-0.23883619547130966
rotamer_outliers_pct,Minimum,0.0,1FCC,Experimental,relaxed_normal_ref15,-0.23883619547130966
rotamer_outliers_pct,Minimum,0.0,1FCC,Experimental,relaxed_normal_ref15,-0.23883619547130966
rotamer_outliers_pct,Minimum,0.0,1FCC,Experimental,relaxed_normal_ref15,-0.23883619547130966
rotamer_outliers_pct,Minimum,0.0,1GHQ,Boltz,raw,-0.23883619547130966
rotamer_outliers_pct,Minimum,0.0,1GHQ,Boltz,raw,-0.23883619547130966
rotamer_outliers_pct,Minimum,0.0,1GHQ,Experimental,relaxed_cartesian_beta,-0.23883619547130966
rotamer_outliers_pct,Minimum,0.0,1GHQ,Experimental,relaxed_cartesian_beta,-0.23883619547130966
rotamer_outliers_pct,Minimum,0.0,1GHQ,Experimental,relaxed_cartesian_beta,-0.23883619547130966
rotamer_outliers_pct,Minimum,0.0,1GHQ,Experimental,relaxed_cartesian_beta,-0.23883619547130966
rotamer_outliers_pct,Minimum,0.0,1GHQ,Experimental,relaxed_cartesian_beta,-0.23883619547130966
rotamer_outliers_pct,Minimum,0.0,1GHQ,Experimental,relaxed_cartesian_ref15,-0.23883619547130966
rotamer_outliers_pct,Minimum,0.0,1GHQ,Experimental,relaxed_cartesian_ref15,-0.23883619547130966
rotamer_outliers_pct,Minimum,0.0,1GHQ,Experimental,relaxed_cartesian_ref15,-0.23883619547130966
rotamer_outliers_pct,Minimum,0.0,1GHQ,Experimental,relaxed_cartesian_ref15,-0.23883619547130966
rotamer_outliers_pct,Minimum,0.0,1GHQ,Experimental,relaxed_cartesian_ref15,-0.23883619547130966
rotamer_outliers_pct,Minimum,0.0,1GHQ,Experimental,relaxed_dualspace_beta,-0.23883619547130966
rotamer_outliers_pct,Minimum,0.0,1GHQ,Experimental,relaxed_dualspace_beta,-0.23883619547130966
rotamer_outliers_pct,Minimum,0.0,1GHQ,Experimental,relaxed_dualspace_beta,-0.23883619547130966
rotamer_outliers_pct,Minimum,0.0,1GHQ,Experimental,relaxed_dualspace_beta,-0.23883619547130966
rotamer_outliers_pct,Minimum,0.0,1GHQ,Experimental,relaxed_dualspace_beta,-0.23883619547130966
rotamer_outliers_pct,Minimum,0.0,1GHQ,Experimental,relaxed_dualspace_ref15,-0.23883619547130966
rotamer_outliers_pct,Minimum,0.0,1GHQ,Experimental,relaxed_dualspace_ref15,-0.23883619547130966
rotamer_outliers_pct,Minimum,0.0,1GHQ,Experimental,relaxed_dualspace_ref15,-0.23883619547130966
rotamer_outliers_pct,Minimum,0.0,1GHQ,Experimental,relaxed_dualspace_ref15,-0.23883619547130966
rotamer_outliers_pct,Minimum,0.0,1GHQ,Experimental,relaxed_dualspace_ref15,-0.23883619547130966
rotamer_outliers_pct,Minimum,0.0,1GHQ,Experimental,relaxed_normal_beta,-0.23883619547130966
rotamer_outliers_pct,Minimum,0.0,1GHQ,Experimental,relaxed_normal_beta,-0.23883619547130966
rotamer_outliers_pct,Minimum,0.0,1GHQ,Experimental,relaxed_normal_beta,-0.23883619547130966
rotamer_outliers_pct,Minimum,0.0,1GHQ,Experimental,relaxed_normal_beta,-0.23883619547130966
rotamer_outliers_pct,Minimum,0.0,1GHQ,Experimental,relaxed_normal_beta,-0.23883619547130966
rotamer_outliers_pct,Minimum,0.0,1GHQ,Experimental,relaxed_normal_ref15,-0.23883619547130966
rotamer_outliers_pct,Minimum,0.0,1GHQ,Experimental,relaxed_normal_ref15,-0.23883619547130966
rotamer_outliers_pct,Minimum,0.0,1GHQ,Experimental,relaxed_normal_ref15,-0.23883619547130966
rotamer_outliers_pct,Minimum,0.0,1GHQ,Experimental,relaxed_normal_ref15,-0.23883619547130966
rotamer_outliers_pct,Minimum,0.0,1GHQ,Experimental,relaxed_normal_ref15,-0.23883619547130966
rotamer_outliers_pct,Minimum,0.0,1GLA,Boltz,raw,-0.23883619547130966
rotamer_outliers_pct,Minimum,0.0,1GLA,Boltz,raw,-0.23883619547130966
rotamer_outliers_pct,Minimum,0.0,1GLA,Experimental,relaxed_cartesian_beta,-0.23883619547130966
rotamer_outliers_pct,Minimum,0.0,1GLA,Experimental,relaxed_cartesian_beta,-0.23883619547130966
rotamer_outliers_pct,Minimum,0.0,1GLA,Experimental,relaxed_cartesian_beta,-0.23883619547130966
rotamer_outliers_pct,Minimum,0.0,1GLA,Experimental,relaxed_cartesian_beta,-0.23883619547130966
rotamer_outliers_pct,Minimum,0.0,1GLA,Experimental,relaxed_cartesian_beta,-0.23883619547130966
rotamer_outliers_pct,Minimum,0.0,1GLA,Experimental,relaxed_cartesian_ref15,-0.23883619547130966
rotamer_outliers_pct,Minimum,0.0,1GLA,Experimental,relaxed_cartesian_ref15,-0.23883619547130966
rotamer_outliers_pct,Minimum,0.0,1GLA,Experimental,relaxed_cartesian_ref15,-0.23883619547130966
rotamer_outliers_pct,Minimum,0.0,1GLA,Experimental,relaxed_cartesian_ref15,-0.23883619547130966
rotamer_outliers_pct,Minimum,0.0,1GLA,Experimental,relaxed_cartesian_ref15,-0.23883619547130966
rotamer_outliers_pct,Minimum,0.0,1GLA,Experimental,relaxed_dualspace_beta,-0.23883619547130966
rotamer_outliers_pct,Minimum,0.0,1GLA,Experimental,relaxed_dualspace_beta,-0.23883619547130966
rotamer_outliers_pct,Minimum,0.0,1GLA,Experimental,relaxed_dualspace_beta,-0.23883619547130966
rotamer_outliers_pct,Minimum,0.0,1GLA,Experimental,relaxed_dualspace_beta,-0.23883619547130966
rotamer_outliers_pct,Minimum,0.0,1GLA,Experimental,relaxed_dualspace_beta,-0.23883619547130966
rotamer_outliers_pct,Minimum,0.0,1GLA,Experimental,relaxed_dualspace_ref15,-0.23883619547130966
rotamer_outliers_pct,Minimum,0.0,1GLA,Experimental,relaxed_dualspace_ref15,-0.23883619547130966
rotamer_outliers_pct,Minimum,0.0,1GLA,Experimental,relaxed_dualspace_ref15,-0.23883619547130966
rotamer_outliers_pct,Minimum,0.0,1GLA,Experimental,relaxed_dualspace_ref15,-0.23883619547130966
rotamer_outliers_pct,Minimum,0.0,1GLA,Experimental,relaxed_dualspace_ref15,-0.23883619547130966
rotamer_outliers_pct,Minimum,0.0,1GLA,Experimental,relaxed_normal_beta,-0.23883619547130966
rotamer_outliers_pct,Minimum,0.0,1GLA,Experimental,relaxed_normal_beta,-0.23883619547130966
rotamer_outliers_pct,Minimum,0.0,1GLA,Experimental,relaxed_normal_beta,-0.23883619547130966
rotamer_outliers_pct,Minimum,0.0,1GLA,Experimental,relaxed_normal_beta,-0.23883619547130966
rotamer_outliers_pct,Minimum,0.0,1GLA,Experimental,relaxed_normal_ref15,-0.23883619547130966
rotamer_outliers_pct,Minimum,0.0,1GLA,Experimental,relaxed_normal_ref15,-0.23883619547130966
rotamer_outliers_pct,Minimum,0.0,1GLA,Experimental,relaxed_normal_ref15,-0.23883619547130966
rotamer_outliers_pct,Minimum,0.0,1GLA,Experimental,relaxed_normal_ref15,-0.23883619547130966
rotamer_outliers_pct,Minimum,0.0,1HCF,Boltz,raw,-0.23883619547130966
rotamer_outliers_pct,Minimum,0.0,1HCF,Boltz,raw,-0.23883619547130966
rotamer_outliers_pct,Minimum,0.0,1HCF,Boltz,raw,-0.23883619547130966
rotamer_outliers_pct,Minimum,0.0,1HCF,Experimental,relaxed_cartesian_beta,-0.23883619547130966
rotamer_outliers_pct,Minimum,0.0,1HCF,Experimental,relaxed_cartesian_beta,-0.23883619547130966
rotamer_outliers_pct,Minimum,0.0,1HCF,Experimental,relaxed_cartesian_beta,-0.23883619547130966
rotamer_outliers_pct,Minimum,0.0,1HCF,Experimental,relaxed_cartesian_beta,-0.23883619547130966
rotamer_outliers_pct,Minimum,0.0,1HCF,Experimental,relaxed_cartesian_beta,-0.23883619547130966
rotamer_outliers_pct,Minimum,0.0,1HCF,Experimental,relaxed_cartesian_ref15,-0.23883619547130966
rotamer_outliers_pct,Minimum,0.0,1HCF,Experimental,relaxed_cartesian_ref15,-0.23883619547130966
rotamer_outliers_pct,Minimum,0.0,1HCF,Experimental,relaxed_cartesian_ref15,-0.23883619547130966
rotamer_outliers_pct,Minimum,0.0,1HCF,Experimental,relaxed_cartesian_ref15,-0.23883619547130966
rotamer_outliers_pct,Minimum,0.0,1HCF,Experimental,relaxed_cartesian_ref15,-0.23883619547130966
rotamer_outliers_pct,Minimum,0.0,1HCF,Experimental,relaxed_dualspace_beta,-0.23883619547130966
rotamer_outliers_pct,Minimum,0.0,1HCF,Experimental,relaxed_dualspace_beta,-0.23883619547130966
rotamer_outliers_pct,Minimum,0.0,1HCF,Experimental,relaxed_dualspace_beta,-0.23883619547130966
rotamer_outliers_pct,Minimum,0.0,1HCF,Experimental,relaxed_dualspace_beta,-0.23883619547130966
rotamer_outliers_pct,Minimum,0.0,1HCF,Experimental,relaxed_dualspace_beta,-0.23883619547130966
rotamer_outliers_pct,Minimum,0.0,1HCF,Experimental,relaxed_dualspace_ref15,-0.23883619547130966
rotamer_outliers_pct,Minimum,0.0,1HCF,Experimental,relaxed_dualspace_ref15,-0.23883619547130966
rotamer_outliers_pct,Minimum,0.0,1HCF,Experimental,relaxed_dualspace_ref15,-0.23883619547130966
rotamer_outliers_pct,Minimum,0.0,1HCF,Experimental,relaxed_dualspace_ref15,-0.23883619547130966
rotamer_outliers_pct,Minimum,0.0,1HCF,Experimental,relaxed_dualspace_ref15,-0.23883619547130966
rotamer_outliers_pct,Minimum,0.0,1JPS,Boltz,raw,-0.23883619547130966
rotamer_outliers_pct,Minimum,0.0,1JPS,Boltz,raw,-0.23883619547130966
rotamer_outliers_pct,Minimum,0.0,1JPS,Boltz,raw,-0.23883619547130966
rotamer_outliers_pct,Minimum,0.0,1JPS,Experimental,relaxed_cartesian_beta,-0.23883619547130966
rotamer_outliers_pct,Minimum,0.0,1JPS,Experimental,relaxed_cartesian_beta,-0.23883619547130966
rotamer_outliers_pct,Minimum,0.0,1JPS,Experimental,relaxed_cartesian_beta,-0.23883619547130966
rotamer_outliers_pct,Minimum,0.0,1JPS,Experimental,relaxed_cartesian_beta,-0.23883619547130966
rotamer_outliers_pct,Minimum,0.0,1JPS,Experimental,relaxed_cartesian_beta,-0.23883619547130966
rotamer_outliers_pct,Minimum,0.0,1JPS,Experimental,relaxed_cartesian_ref15,-0.23883619547130966
rotamer_outliers_pct,Minimum,0.0,1JPS,Experimental,relaxed_cartesian_ref15,-0.23883619547130966
rotamer_outliers_pct,Minimum,0.0,1JPS,Experimental,relaxed_cartesian_ref15,-0.23883619547130966
rotamer_outliers_pct,Minimum,0.0,1JPS,Experimental,relaxed_cartesian_ref15,-0.23883619547130966
rotamer_outliers_pct,Minimum,0.0,1JPS,Experimental,relaxed_dualspace_beta,-0.23883619547130966
rotamer_outliers_pct,Minimum,0.0,1JPS,Experimental,relaxed_dualspace_beta,-0.23883619547130966
rotamer_outliers_pct,Minimum,0.0,1JPS,Experimental,relaxed_dualspace_beta,-0.23883619547130966
rotamer_outliers_pct,Minimum,0.0,1JPS,Experimental,relaxed_dualspace_beta,-0.23883619547130966
rotamer_outliers_pct,Minimum,0.0,1JPS,Experimental,relaxed_dualspace_beta,-0.23883619547130966
rotamer_outliers_pct,Minimum,0.0,1JPS,Experimental,relaxed_dualspace_ref15,-0.23883619547130966
rotamer_outliers_pct,Minimum,0.0,1JPS,Experimental,relaxed_dualspace_ref15,-0.23883619547130966
rotamer_outliers_pct,Minimum,0.0,1JPS,Experimental,relaxed_dualspace_ref15,-0.23883619547130966
rotamer_outliers_pct,Minimum,0.0,1JPS,Experimental,relaxed_dualspace_ref15,-0.23883619547130966
rotamer_outliers_pct,Minimum,0.0,1JPS,Experimental,relaxed_dualspace_ref15,-0.23883619547130966
rotamer_outliers_pct,Minimum,0.0,1JPS,Experimental,relaxed_normal_beta,-0.23883619547130966
rotamer_outliers_pct,Minimum,0.0,1JPS,Experimental,relaxed_normal_beta,-0.23883619547130966
rotamer_outliers_pct,Minimum,0.0,1JPS,Experimental,relaxed_normal_ref15,-0.23883619547130966
rotamer_outliers_pct,Minimum,0.0,1JPS,Experimental,relaxed_normal_ref15,-0.23883619547130966
rotamer_outliers_pct,Minimum,0.0,1JPS,Experimental,relaxed_normal_ref15,-0.23883619547130966
rotamer_outliers_pct,Minimum,0.0,1JPS,Experimental,relaxed_normal_ref15,-0.23883619547130966
rotamer_outliers_pct,Minimum,0.0,1JPS,Experimental,relaxed_normal_ref15,-0.23883619547130966
rotamer_outliers_pct,Minimum,0.0,1K74,Boltz,raw,-0.23883619547130966
rotamer_outliers_pct,Minimum,0.0,1K74,Experimental,relaxed_cartesian_beta,-0.23883619547130966
rotamer_outliers_pct,Minimum,0.0,1K74,Experimental,relaxed_cartesian_beta,-0.23883619547130966
rotamer_outliers_pct,Minimum,0.0,1K74,Experimental,relaxed_cartesian_ref15,-0.23883619547130966
rotamer_outliers_pct,Minimum,0.0,1K74,Experimental,relaxed_cartesian_ref15,-0.23883619547130966
rotamer_outliers_pct,Minimum,0.0,1K74,Experimental,relaxed_cartesian_ref15,-0.23883619547130966
rotamer_outliers_pct,Minimum,0.0,1K74,Experimental,relaxed_dualspace_beta,-0.23883619547130966
rotamer_outliers_pct,Minimum,0.0,1K74,Experimental,relaxed_dualspace_beta,-0.23883619547130966
rotamer_outliers_pct,Minimum,0.0,1K74,Experimental,relaxed_dualspace_beta,-0.23883619547130966
rotamer_outliers_pct,Minimum,0.0,1K74,Experimental,relaxed_dualspace_beta,-0.23883619547130966
rotamer_outliers_pct,Minimum,0.0,1K74,Experimental,relaxed_dualspace_beta,-0.23883619547130966
rotamer_outliers_pct,Minimum,0.0,1K74,Experimental,relaxed_dualspace_ref15,-0.23883619547130966
rotamer_outliers_pct,Minimum,0.0,1K74,Experimental,relaxed_dualspace_ref15,-0.23883619547130966
rotamer_outliers_pct,Minimum,0.0,1K74,Experimental,relaxed_dualspace_ref15,-0.23883619547130966
rotamer_outliers_pct,Minimum,0.0,1K74,Experimental,relaxed_dualspace_ref15,-0.23883619547130966
rotamer_outliers_pct,Minimum,0.0,1K74,Experimental,relaxed_dualspace_ref15,-0.23883619547130966
rotamer_outliers_pct,Minimum,0.0,1K74,Experimental,relaxed_normal_beta,-0.23883619547130966
rotamer_outliers_pct,Minimum,0.0,1K74,Experimental,relaxed_normal_beta,-0.23883619547130966
rotamer_outliers_pct,Minimum,0.0,1K74,Experimental,relaxed_normal_beta,-0.23883619547130966
rotamer_outliers_pct,Minimum,0.0,1K74,Experimental,relaxed_normal_beta,-0.23883619547130966
rotamer_outliers_pct,Minimum,0.0,1K74,Experimental,relaxed_normal_beta,-0.23883619547130966
rotamer_outliers_pct,Minimum,0.0,1K74,Experimental,relaxed_normal_ref15,-0.23883619547130966
rotamer_outliers_pct,Minimum,0.0,1VFB,Experimental,relaxed_cartesian_beta,-0.23883619547130966
rotamer_outliers_pct,Minimum,0.0,1VFB,Experimental,relaxed_cartesian_beta,-0.23883619547130966
rotamer_outliers_pct,Minimum,0.0,1VFB,Experimental,relaxed_cartesian_beta,-0.23883619547130966
rotamer_outliers_pct,Minimum,0.0,1VFB,Experimental,relaxed_cartesian_beta,-0.23883619547130966
rotamer_outliers_pct,Minimum,0.0,1VFB,Experimental,relaxed_cartesian_beta,-0.23883619547130966
rotamer_outliers_pct,Minimum,0.0,1VFB,Experimental,relaxed_cartesian_ref15,-0.23883619547130966
rotamer_outliers_pct,Minimum,0.0,1VFB,Experimental,relaxed_cartesian_ref15,-0.23883619547130966
rotamer_outliers_pct,Minimum,0.0,1VFB,Experimental,relaxed_cartesian_ref15,-0.23883619547130966
rotamer_outliers_pct,Minimum,0.0,1VFB,Experimental,relaxed_cartesian_ref15,-0.23883619547130966
rotamer_outliers_pct,Minimum,0.0,1VFB,Experimental,relaxed_cartesian_ref15,-0.23883619547130966
rotamer_outliers_pct,Minimum,0.0,1VFB,Experimental,relaxed_dualspace_beta,-0.23883619547130966
rotamer_outliers_pct,Minimum,0.0,1VFB,Experimental,relaxed_dualspace_beta,-0.23883619547130966
rotamer_outliers_pct,Minimum,0.0,1VFB,Experimental,relaxed_dualspace_beta,-0.23883619547130966
rotamer_outliers_pct,Minimum,0.0,1VFB,Experimental,relaxed_dualspace_beta,-0.23883619547130966
rotamer_outliers_pct,Minimum,0.0,1VFB,Experimental,relaxed_dualspace_beta,-0.23883619547130966
rotamer_outliers_pct,Minimum,0.0,1VFB,Experimental,relaxed_dualspace_ref15,-0.23883619547130966
rotamer_outliers_pct,Minimum,0.0,1VFB,Experimental,relaxed_dualspace_ref15,-0.23883619547130966
rotamer_outliers_pct,Minimum,0.0,1VFB,Experimental,relaxed_dualspace_ref15,-0.23883619547130966
rotamer_outliers_pct,Minimum,0.0,1VFB,Experimental,relaxed_dualspace_ref15,-0.23883619547130966
rotamer_outliers_pct,Minimum,0.0,1VFB,Experimental,relaxed_dualspace_ref15,-0.23883619547130966
rotamer_outliers_pct,Minimum,0.0,1VFB,Experimental,relaxed_normal_beta,-0.23883619547130966
rotamer_outliers_pct,Minimum,0.0,1VFB,Experimental,relaxed_normal_beta,-0.23883619547130966
rotamer_outliers_pct,Minimum,0.0,2I25,Experimental,original,-0.23883619547130966
rotamer_outliers_pct,Minimum,0.0,2I25,AlphaFold,raw,-0.23883619547130966
rotamer_outliers_pct,Minimum,0.0,2I25,AlphaFold,raw,-0.23883619547130966
rotamer_outliers_pct,Minimum,0.0,2I25,AlphaFold,raw,-0.23883619547130966
rotamer_outliers_pct,Minimum,0.0,2I25,Boltz,raw,-0.23883619547130966
rotamer_outliers_pct,Minimum,0.0,2I25,Boltz,raw,-0.23883619547130966
rotamer_outliers_pct,Minimum,0.0,2I25,Boltz,raw,-0.23883619547130966
rotamer_outliers_pct,Minimum,0.0,2I25,Boltz,raw,-0.23883619547130966
rotamer_outliers_pct,Minimum,0.0,2I25,Boltz,raw,-0.23883619547130966
rotamer_outliers_pct,Minimum,0.0,2I25,Experimental,relaxed_cartesian_beta,-0.23883619547130966
rotamer_outliers_pct,Minimum,0.0,2I25,Experimental,relaxed_cartesian_beta,-0.23883619547130966
rotamer_outliers_pct,Minimum,0.0,2I25,Experimental,relaxed_cartesian_beta,-0.23883619547130966
rotamer_outliers_pct,Minimum,0.0,2I25,Experimental,relaxed_cartesian_beta,-0.23883619547130966
rotamer_outliers_pct,Minimum,0.0,2I25,Experimental,relaxed_cartesian_beta,-0.23883619547130966
rotamer_outliers_pct,Minimum,0.0,2I25,Experimental,relaxed_cartesian_ref15,-0.23883619547130966
rotamer_outliers_pct,Minimum,0.0,2I25,Experimental,relaxed_cartesian_ref15,-0.23883619547130966
rotamer_outliers_pct,Minimum,0.0,2I25,Experimental,relaxed_cartesian_ref15,-0.23883619547130966
rotamer_outliers_pct,Minimum,0.0,2I25,Experimental,relaxed_cartesian_ref15,-0.23883619547130966
rotamer_outliers_pct,Minimum,0.0,2I25,Experimental,relaxed_cartesian_ref15,-0.23883619547130966
rotamer_outliers_pct,Minimum,0.0,2I25,Experimental,relaxed_dualspace_beta,-0.23883619547130966
rotamer_outliers_pct,Minimum,0.0,2I25,Experimental,relaxed_dualspace_beta,-0.23883619547130966
rotamer_outliers_pct,Minimum,0.0,2I25,Experimental,relaxed_dualspace_beta,-0.23883619547130966
rotamer_outliers_pct,Minimum,0.0,2I25,Experimental,relaxed_dualspace_beta,-0.23883619547130966
rotamer_outliers_pct,Minimum,0.0,2I25,Experimental,relaxed_dualspace_beta,-0.23883619547130966
rotamer_outliers_pct,Minimum,0.0,2I25,Experimental,relaxed_dualspace_ref15,-0.23883619547130966
rotamer_outliers_pct,Minimum,0.0,2I25,Experimental,relaxed_dualspace_ref15,-0.23883619547130966
rotamer_outliers_pct,Minimum,0.0,2I25,Experimental,relaxed_dualspace_ref15,-0.23883619547130966
rotamer_outliers_pct,Minimum,0.0,2I25,Experimental,relaxed_dualspace_ref15,-0.23883619547130966
rotamer_outliers_pct,Minimum,0.0,2I25,Experimental,relaxed_dualspace_ref15,-0.23883619547130966
rotamer_outliers_pct,Minimum,0.0,2I25,Experimental,relaxed_normal_beta,-0.23883619547130966
rotamer_outliers_pct,Minimum,0.0,2I25,Experimental,relaxed_normal_beta,-0.23883619547130966
rotamer_outliers_pct,Minimum,0.0,2I25,Experimental,relaxed_normal_beta,-0.23883619547130966
rotamer_outliers_pct,Minimum,0.0,2I25,Experimental,relaxed_normal_beta,-0.23883619547130966
rotamer_outliers_pct,Minimum,0.0,2I25,Experimental,relaxed_normal_beta,-0.23883619547130966
rotamer_outliers_pct,Minimum,0.0,2I25,Experimental,relaxed_normal_ref15,-0.23883619547130966
rotamer_outliers_pct,Minimum,0.0,2I25,Experimental,relaxed_normal_ref15,-0.23883619547130966
rotamer_outliers_pct,Minimum,0.0,2I25,Experimental,relaxed_normal_ref15,-0.23883619547130966
rotamer_outliers_pct,Minimum,0.0,2I25,Experimental,relaxed_normal_ref15,-0.23883619547130966
rotamer_outliers_pct,Minimum,0.0,2I25,Experimental,relaxed_normal_ref15,-0.23883619547130966
bond_rmsz,Maximum,8.4007,1F51,Boltz,raw,3.149384012681391
bond_rmsz,Minimum,0.399,1AKJ,Experimental,original,-2.2644121114853717
angle_rmsz,Maximum,4.5478,1F51,Boltz,raw,11.94352140999304
angle_rmsz,Minimum,0.6175,1K74,Boltz,raw,-1.103877244755434
molprobity_score,Maximum,3.296,1FCC,Experimental,original,5.459240201516994
molprobity_score,Minimum,0.5,1AVX,AlphaFold,raw,-4.056188438957241
molprobity_score,Minimum,0.5,1AY7,AlphaFold,raw,-4.056188438957241
molprobity_score,Minimum,0.5,1BVN,AlphaFold,raw,-4.056188438957241
