protein,category,subcategory,model,rama_favored,rama_allowed,rama_outliers,rama_total,rama_favored_pct,rama_outliers_pct,rota_favored,rota_outliers,rota_total,rota_favored_pct,rota_outliers_pct,cbeta_deviations,omega_cis_proline,omega_cis_general,omega_twisted,clashscore,clash_count,atom_count,molprobity_score
1BUH,Experimental,original,exp,326,20,5,351,92.88,1.42,268,29,321,83.49,9.06,2,1,0,0,11.26,66,5864,1.79
1BUH,Boltz,raw,boltz_input_model_1,370,3,0,373,99.2,0.0,335,0,340,98.53,0.0,0,1,0,0,13.86,86,6205,1.15
1BUH,Boltz,raw,boltz_input_model_4,370,3,0,373,99.2,0.0,336,1,340,98.82,0.29,0,0,0,0,11.28,70,6205,1.07
1BUH,AlphaFold,raw,ranked_2,357,11,5,373,95.71,1.34,331,1,340,97.35,0.29,0,1,0,2,17.73,110,6205,1.25
1BUH,AlphaFold,raw,ranked_1,358,10,5,373,95.98,1.34,332,3,340,97.65,0.88,0,1,0,0,19.5,121,6205,1.29
1BUH,AlphaFold,raw,ranked_4,358,10,5,373,95.98,1.34,329,4,340,96.76,1.18,0,1,0,0,21.6,134,6203,1.38
1BUH,Boltz,raw,boltz_input_model_0,370,3,0,373,99.2,0.0,333,2,340,97.94,0.59,0,1,0,0,12.58,78,6202,1.11
1BUH,AlphaFold,raw,ranked_3,350,14,9,373,93.83,2.41,333,2,340,97.94,0.59,0,1,0,1,18.7,116,6203,1.36
1BUH,Boltz,raw,boltz_input_model_2,368,5,0,373,98.66,0.0,335,1,340,98.53,0.29,0,1,0,0,16.92,105,6205,1.23
1BUH,Boltz,raw,boltz_input_model_3,366,6,1,373,98.12,0.27,335,0,340,98.53,0.0,0,1,0,0,13.38,83,6203,1.14
1BUH,AlphaFold,raw,ranked_0,363,8,2,373,97.32,0.54,331,2,340,97.35,0.59,0,1,0,0,0.16,1,6207,0.06
1BUH,Experimental,relaxed_cartesian_beta,1BUH_r4,344,7,2,353,97.45,0.57,319,0,321,99.38,0.0,0,1,0,1,10.47,81,7739,1.04
1BUH,Experimental,relaxed_cartesian_beta,1BUH_r1,342,8,3,353,96.88,0.85,320,0,321,99.69,0.0,0,1,1,0,10.6,82,7737,1.04
1BUH,Experimental,relaxed_cartesian_beta,1BUH_r2,346,5,2,353,98.02,0.57,320,0,321,99.69,0.0,0,1,1,0,10.34,80,7738,1.03
1BUH,Experimental,relaxed_cartesian_beta,1BUH_r3,345,6,2,353,97.73,0.57,318,0,321,99.07,0.0,0,1,2,0,11.37,88,7737,1.07
1BUH,Experimental,relaxed_dualspace_beta,1BUH_r4,347,3,1,351,98.86,0.28,320,0,321,99.69,0.0,0,1,0,0,9.96,77,7731,1.02
1BUH,Experimental,relaxed_cartesian_ref15,1BUH_r5,342,10,1,353,96.88,0.28,319,0,321,99.38,0.0,0,1,1,0,14.22,110,7738,1.16
1BUH,Experimental,relaxed_cartesian_ref15,1BUH_r4,344,8,1,353,97.45,0.28,319,0,321,99.38,0.0,0,1,0,0,13.44,104,7739,1.14
1BUH,Experimental,relaxed_cartesian_ref15,1BUH_r2,344,8,1,353,97.45,0.28,319,0,321,99.38,0.0,0,1,0,0,13.44,104,7739,1.14
1BUH,Experimental,relaxed_cartesian_beta,1BUH_r5,346,4,3,353,98.02,0.85,320,0,321,99.69,0.0,0,1,1,0,10.47,81,7738,1.04
1BUH,Experimental,relaxed_cartesian_ref15,1BUH_r1,340,10,3,353,96.32,0.85,319,0,321,99.38,0.0,0,1,0,0,14.99,116,7739,1.18
1BUH,Experimental,relaxed_cartesian_ref15,1BUH_r3,343,9,1,353,97.17,0.28,320,0,321,99.69,0.0,0,1,0,0,14.6,113,7738,1.17
1BUH,Experimental,relaxed_dualspace_beta,1BUH_r2,347,2,2,351,98.86,0.57,318,0,321,99.07,0.0,0,1,0,0,10.35,80,7731,1.03
1BUH,Experimental,relaxed_dualspace_beta,1BUH_r5,346,3,2,351,98.58,0.57,320,0,321,99.69,0.0,0,1,0,0,11.12,86,7731,1.06
1BUH,Experimental,relaxed_dualspace_beta,1BUH_r3,345,4,2,351,98.29,0.57,320,0,321,99.69,0.0,0,1,0,0,12.03,93,7731,1.09
1BUH,Experimental,relaxed_dualspace_ref15,1BUH_r2,342,8,1,351,97.44,0.28,320,0,321,99.69,0.0,0,1,0,0,13.45,104,7731,1.14
1BUH,Experimental,relaxed_dualspace_ref15,1BUH_r4,345,5,1,351,98.29,0.28,318,0,321,99.07,0.0,0,1,0,0,14.36,111,7731,1.16
1BUH,Experimental,relaxed_dualspace_ref15,1BUH_r1,344,6,1,351,98.01,0.28,318,0,321,99.07,0.0,0,1,0,0,14.75,114,7731,1.17
1BUH,Experimental,relaxed_dualspace_beta,1BUH_r1,346,4,1,351,98.58,0.28,317,0,321,98.75,0.0,0,1,0,0,11.64,90,7731,1.08
1BUH,Experimental,relaxed_normal_beta,1BUH_r4,344,4,3,351,98.01,0.85,320,0,321,99.69,0.0,1,1,0,0,11.63,90,7739,1.08
1BUH,Experimental,relaxed_dualspace_ref15,1BUH_r3,346,4,1,351,98.58,0.28,319,0,321,99.38,0.0,0,1,0,0,13.06,101,7731,1.13
1BUH,Experimental,relaxed_normal_beta,1BUH_r1,343,6,2,351,97.72,0.57,319,0,321,99.38,0.0,1,1,0,0,12.15,94,7739,1.1
1BUH,Experimental,relaxed_normal_beta,1BUH_r5,343,5,3,351,97.72,0.85,320,0,321,99.69,0.0,1,1,0,0,10.98,85,7739,1.06
1BUH,Experimental,relaxed_dualspace_ref15,1BUH_r5,344,6,1,351,98.01,0.28,320,0,321,99.69,0.0,0,1,0,0,13.71,106,7731,1.15
1BUH,Experimental,relaxed_normal_beta,1BUH_r2,344,5,2,351,98.01,0.57,319,0,321,99.38,0.0,1,1,0,0,12.15,94,7739,1.1
1BUH,Experimental,relaxed_normal_beta,1BUH_r3,343,5,3,351,97.72,0.85,318,0,321,99.07,0.0,1,1,0,0,11.76,91,7739,1.08
1BUH,Experimental,relaxed_normal_ref15,1BUH_r1,344,6,1,351,98.01,0.28,318,0,321,99.07,0.0,1,1,0,0,12.4,96,7739,1.11
1BUH,Experimental,relaxed_normal_ref15,1BUH_r4,345,5,1,351,98.29,0.28,319,0,321,99.38,0.0,1,1,0,0,13.18,102,7739,1.13
1BUH,Experimental,relaxed_normal_ref15,1BUH_r3,345,5,1,351,98.29,0.28,319,0,321,99.38,0.0,1,1,0,0,11.89,92,7739,1.09
1BUH,Experimental,relaxed_normal_ref15,1BUH_r2,344,6,1,351,98.01,0.28,320,0,321,99.69,0.0,1,1,0,0,12.15,94,7739,1.1
1BUH,AlphaFold,relaxed_dualspace_ref15,ranked_0_r4,362,10,1,373,97.05,0.27,337,0,340,99.12,0.0,0,1,0,0,12.93,106,8200,1.12
1BUH,AlphaFold,relaxed_dualspace_ref15,ranked_0_r2,361,11,1,373,96.78,0.27,337,0,340,99.12,0.0,0,1,0,0,11.95,98,8200,1.09
1BUH,Experimental,relaxed_normal_ref15,1BUH_r5,344,6,1,351,98.01,0.28,319,0,321,99.38,0.0,1,1,0,0,13.57,105,7739,1.14
1BUH,AlphaFold,relaxed_dualspace_ref15,ranked_0_r3,362,10,1,373,97.05,0.27,337,0,340,99.12,0.0,0,1,0,0,11.34,93,8200,1.07
1BUH,AlphaFold,relaxed_dualspace_ref15,ranked_0_r1,361,11,1,373,96.78,0.27,337,0,340,99.12,0.0,0,1,0,0,12.32,101,8200,1.1
1BUH,AlphaFold,relaxed_dualspace_ref15,ranked_0_r5,363,9,1,373,97.32,0.27,337,0,340,99.12,0.0,0,1,0,0,12.44,102,8200,1.11
1BUH,AlphaFold,relaxed_normal_ref15,ranked_0_r4,361,10,2,373,96.78,0.54,339,0,340,99.71,0.0,0,1,0,0,12.31,101,8206,1.1
1BUH,AlphaFold,relaxed_normal_ref15,ranked_0_r2,360,11,2,373,96.51,0.54,338,0,340,99.41,0.0,0,1,0,0,11.94,98,8206,1.09
1BUH,AlphaFold,relaxed_normal_ref15,ranked_0_r5,362,9,2,373,97.05,0.54,337,0,340,99.12,0.0,0,1,0,0,10.85,89,8206,1.05
1BUH,AlphaFold,relaxed_normal_beta,ranked_0_r2,365,6,2,373,97.86,0.54,337,0,340,99.12,0.0,0,1,0,0,9.99,82,8206,1.02
1BUH,AlphaFold,relaxed_normal_beta,ranked_0_r4,364,7,2,373,97.59,0.54,338,0,340,99.41,0.0,0,1,0,0,9.75,80,8206,1.01
1BUH,AlphaFold,relaxed_normal_ref15,ranked_0_r1,364,7,2,373,97.59,0.54,337,0,340,99.12,0.0,0,1,0,0,11.82,97,8206,1.09
1BUH,AlphaFold,relaxed_normal_ref15,ranked_0_r3,364,7,2,373,97.59,0.54,338,0,340,99.41,0.0,0,1,0,0,11.09,91,8206,1.06
1BUH,AlphaFold,relaxed_cartesian_ref15,ranked_0_r1,365,7,1,373,97.86,0.27,337,0,340,99.12,0.0,0,1,0,0,12.92,106,8206,1.12
1BUH,AlphaFold,relaxed_cartesian_ref15,ranked_0_r4,366,6,1,373,98.12,0.27,337,0,340,99.12,0.0,0,1,0,0,13.04,107,8206,1.13
1BUH,AlphaFold,relaxed_cartesian_ref15,ranked_0_r2,366,6,1,373,98.12,0.27,337,0,340,99.12,0.0,0,1,0,0,11.7,96,8206,1.08
1BUH,AlphaFold,relaxed_cartesian_ref15,ranked_0_r3,364,7,2,373,97.59,0.54,338,0,340,99.41,0.0,0,1,0,0,12.67,104,8206,1.11
1BUH,AlphaFold,relaxed_cartesian_ref15,ranked_0_r5,363,9,1,373,97.32,0.27,337,0,340,99.12,0.0,0,1,0,0,12.19,100,8206,1.1
1BUH,AlphaFold,relaxed_normal_beta,ranked_0_r1,366,6,1,373,98.12,0.27,335,0,340,98.53,0.0,0,1,0,0,9.51,78,8206,1.0
1BUH,AlphaFold,relaxed_normal_beta,ranked_0_r3,365,6,2,373,97.86,0.54,337,0,340,99.12,0.0,0,1,0,0,9.63,79,8206,1.01
1BUH,AlphaFold,relaxed_normal_beta,ranked_0_r5,364,8,1,373,97.59,0.27,338,0,340,99.41,0.0,0,1,0,0,10.36,85,8206,1.04
1BUH,AlphaFold,relaxed_cartesian_beta,ranked_0_r4,366,6,1,373,98.12,0.27,338,0,340,99.41,0.0,0,1,0,0,10.24,84,8206,1.03
1BUH,AlphaFold,relaxed_cartesian_beta,ranked_0_r3,367,5,1,373,98.39,0.27,339,0,340,99.71,0.0,0,1,0,0,8.53,70,8206,0.96
1BUH,AlphaFold,relaxed_cartesian_beta,ranked_0_r5,366,6,1,373,98.12,0.27,339,0,340,99.71,0.0,0,1,0,0,10.36,85,8206,1.04
1BUH,AlphaFold,relaxed_cartesian_beta,ranked_0_r2,367,5,1,373,98.39,0.27,339,0,340,99.71,0.0,0,1,0,0,9.51,78,8206,1.0
1BUH,AlphaFold,relaxed_dualspace_beta,ranked_0_r4,367,5,1,373,98.39,0.27,338,0,340,99.41,0.0,0,1,0,0,9.51,78,8200,1.0
1BUH,AlphaFold,relaxed_dualspace_beta,ranked_0_r1,365,7,1,373,97.86,0.27,338,0,340,99.41,0.0,0,1,0,0,10.0,82,8200,1.02
1BUH,AlphaFold,relaxed_cartesian_beta,ranked_0_r1,367,5,1,373,98.39,0.27,339,0,340,99.71,0.0,0,1,0,0,9.87,81,8206,1.02
1BUH,AlphaFold,relaxed_dualspace_beta,ranked_0_r2,366,6,1,373,98.12,0.27,337,0,340,99.12,0.0,0,1,0,0,10.12,83,8200,1.03
1BUH,AlphaFold,relaxed_dualspace_beta,ranked_0_r3,366,6,1,373,98.12,0.27,339,0,340,99.71,0.0,0,1,0,0,9.76,80,8200,1.01
1BUH,AlphaFold,relaxed_dualspace_ref15,ranked_1_r4,363,9,1,373,97.32,0.27,337,0,340,99.12,0.0,0,1,0,0,10.12,83,8198,1.03
1BUH,AlphaFold,relaxed_dualspace_beta,ranked_0_r5,365,7,1,373,97.86,0.27,338,0,340,99.41,0.0,0,1,0,0,10.37,85,8200,1.04
1BUH,AlphaFold,relaxed_dualspace_ref15,ranked_1_r2,365,7,1,373,97.86,0.27,338,0,340,99.41,0.0,0,1,0,0,10.12,83,8198,1.03
1BUH,AlphaFold,relaxed_normal_ref15,ranked_1_r2,361,11,1,373,96.78,0.27,337,0,340,99.12,0.0,0,1,0,0,12.8,105,8203,1.12
1BUH,AlphaFold,relaxed_dualspace_ref15,ranked_1_r3,365,7,1,373,97.86,0.27,338,0,340,99.41,0.0,0,1,0,0,9.51,78,8198,1.0
1BUH,AlphaFold,relaxed_dualspace_ref15,ranked_1_r5,366,6,1,373,98.12,0.27,338,0,340,99.41,0.0,0,1,0,0,11.1,91,8198,1.06
1BUH,AlphaFold,relaxed_normal_ref15,ranked_1_r1,363,9,1,373,97.32,0.27,337,0,340,99.12,0.0,0,1,0,0,12.56,103,8203,1.11
1BUH,AlphaFold,relaxed_dualspace_ref15,ranked_1_r1,367,5,1,373,98.39,0.27,337,0,340,99.12,0.0,0,1,0,0,11.34,93,8198,1.07
1BUH,AlphaFold,relaxed_normal_ref15,ranked_1_r5,363,9,1,373,97.32,0.27,339,0,340,99.71,0.0,0,1,0,0,11.34,93,8203,1.07
1BUH,AlphaFold,relaxed_normal_ref15,ranked_1_r4,364,8,1,373,97.59,0.27,337,0,340,99.12,0.0,0,1,0,0,12.8,105,8203,1.12
1BUH,AlphaFold,relaxed_normal_ref15,ranked_1_r3,364,8,1,373,97.59,0.27,338,0,340,99.41,0.0,0,1,0,0,10.73,88,8203,1.05
1BUH,AlphaFold,relaxed_cartesian_ref15,ranked_1_r4,364,8,1,373,97.59,0.27,338,0,340,99.41,0.0,0,1,0,0,11.82,97,8206,1.09
1BUH,AlphaFold,relaxed_cartesian_ref15,ranked_1_r5,366,6,1,373,98.12,0.27,338,0,340,99.41,0.0,0,1,0,0,11.7,96,8206,1.08
1BUH,AlphaFold,relaxed_cartesian_ref15,ranked_1_r2,364,8,1,373,97.59,0.27,337,0,340,99.12,0.0,0,1,0,0,12.43,102,8206,1.11
1BUH,AlphaFold,relaxed_normal_beta,ranked_1_r4,363,9,1,373,97.32,0.27,339,0,340,99.71,0.0,0,1,0,0,11.46,94,8203,1.07
1BUH,AlphaFold,relaxed_normal_beta,ranked_1_r2,364,7,2,373,97.59,0.54,338,0,340,99.41,0.0,0,1,0,0,10.24,84,8203,1.03
1BUH,AlphaFold,relaxed_normal_beta,ranked_1_r5,363,9,1,373,97.32,0.27,339,0,340,99.71,0.0,0,1,0,0,11.09,91,8203,1.06
1BUH,AlphaFold,relaxed_cartesian_beta,ranked_1_r2,367,5,1,373,98.39,0.27,339,0,340,99.71,0.0,0,1,0,0,8.9,73,8206,0.98
1BUH,AlphaFold,relaxed_normal_beta,ranked_1_r1,364,8,1,373,97.59,0.27,339,0,340,99.71,0.0,0,1,0,0,10.24,84,8203,1.03
1BUH,AlphaFold,relaxed_cartesian_beta,ranked_1_r4,368,4,1,373,98.66,0.27,339,0,340,99.71,0.0,0,1,0,0,8.04,66,8207,0.94
1BUH,AlphaFold,relaxed_normal_beta,ranked_1_r3,364,8,1,373,97.59,0.27,337,0,340,99.12,0.0,0,1,0,0,12.56,103,8203,1.11
1BUH,AlphaFold,relaxed_cartesian_ref15,ranked_1_r1,363,9,1,373,97.32,0.27,339,0,340,99.71,0.0,0,1,0,0,13.04,107,8206,1.13
1BUH,AlphaFold,relaxed_cartesian_ref15,ranked_1_r3,364,8,1,373,97.59,0.27,338,0,340,99.41,0.0,0,1,0,0,12.55,103,8206,1.11
1BUH,AlphaFold,relaxed_cartesian_beta,ranked_1_r5,367,5,1,373,98.39,0.27,339,0,340,99.71,0.0,0,1,0,0,9.51,78,8206,1.0
1BUH,AlphaFold,relaxed_cartesian_beta,ranked_1_r1,367,5,1,373,98.39,0.27,339,0,340,99.71,0.0,0,1,0,0,8.9,73,8206,0.98
1BUH,AlphaFold,relaxed_cartesian_beta,ranked_1_r3,366,6,1,373,98.12,0.27,337,0,340,99.12,0.0,0,1,0,0,9.75,80,8206,1.01
1BUH,AlphaFold,relaxed_dualspace_beta,ranked_1_r4,368,4,1,373,98.66,0.27,338,0,340,99.41,0.0,0,1,0,0,8.9,73,8198,0.98
1BUH,AlphaFold,relaxed_dualspace_beta,ranked_1_r3,367,5,1,373,98.39,0.27,338,0,340,99.41,0.0,0,1,0,0,7.56,62,8198,0.91
1BUH,AlphaFold,relaxed_dualspace_beta,ranked_1_r5,366,6,1,373,98.12,0.27,339,0,340,99.71,0.0,0,1,0,0,7.56,62,8198,0.91
1BUH,AlphaFold,relaxed_dualspace_beta,ranked_1_r2,367,5,1,373,98.39,0.27,339,0,340,99.71,0.0,0,1,0,0,8.05,66,8198,0.94
1BUH,AlphaFold,relaxed_dualspace_beta,ranked_1_r1,366,6,1,373,98.12,0.27,337,0,340,99.12,0.0,0,1,0,0,9.39,77,8198,1.0
1BUH,AlphaFold,relaxed_dualspace_ref15,ranked_3_r5,365,7,1,373,97.86,0.27,338,0,340,99.41,0.0,0,1,0,0,10.61,87,8198,1.04
1BUH,AlphaFold,relaxed_dualspace_ref15,ranked_3_r1,365,7,1,373,97.86,0.27,337,0,340,99.12,0.0,0,1,0,0,11.47,94,8198,1.07
1BUH,AlphaFold,relaxed_dualspace_ref15,ranked_3_r3,365,6,2,373,97.86,0.54,339,0,340,99.71,0.0,0,1,0,0,11.47,94,8198,1.07
1BUH,AlphaFold,relaxed_dualspace_ref15,ranked_3_r4,364,8,1,373,97.59,0.27,337,0,340,99.12,0.0,0,1,0,0,10.86,89,8198,1.05
1BUH,AlphaFold,relaxed_dualspace_ref15,ranked_3_r2,362,10,1,373,97.05,0.27,338,0,340,99.41,0.0,0,1,0,0,10.61,87,8198,1.04
1BUH,AlphaFold,relaxed_normal_ref15,ranked_3_r5,364,8,1,373,97.59,0.27,337,0,340,99.12,0.0,0,1,0,0,12.19,100,8205,1.1
1BUH,AlphaFold,relaxed_normal_ref15,ranked_3_r1,364,8,1,373,97.59,0.27,335,0,340,98.53,0.0,0,1,0,0,12.07,99,8205,1.09
1BUH,AlphaFold,relaxed_normal_ref15,ranked_3_r3,364,8,1,373,97.59,0.27,337,0,340,99.12,0.0,0,1,0,0,12.31,101,8205,1.1
1BUH,AlphaFold,relaxed_normal_ref15,ranked_3_r2,364,8,1,373,97.59,0.27,337,0,340,99.12,0.0,0,1,0,0,12.55,103,8205,1.11
1BUH,AlphaFold,relaxed_normal_ref15,ranked_3_r4,364,8,1,373,97.59,0.27,337,0,340,99.12,0.0,0,1,0,0,12.19,100,8205,1.1
1BUH,AlphaFold,relaxed_cartesian_ref15,ranked_3_r4,363,9,1,373,97.32,0.27,338,0,340,99.41,0.0,0,1,0,0,12.55,103,8206,1.11
1BUH,AlphaFold,relaxed_cartesian_ref15,ranked_3_r3,364,8,1,373,97.59,0.27,337,0,340,99.12,0.0,0,1,0,0,12.06,99,8206,1.09
1BUH,AlphaFold,relaxed_normal_beta,ranked_3_r5,362,9,2,373,97.05,0.54,335,0,340,98.53,0.0,0,1,0,0,11.94,98,8205,1.09
1BUH,AlphaFold,relaxed_cartesian_ref15,ranked_3_r1,365,7,1,373,97.86,0.27,338,0,340,99.41,0.0,0,1,0,0,11.58,95,8206,1.08
1BUH,AlphaFold,relaxed_cartesian_ref15,ranked_3_r5,364,8,1,373,97.59,0.27,337,0,340,99.12,0.0,0,1,0,0,11.7,96,8206,1.08
1BUH,AlphaFold,relaxed_normal_beta,ranked_3_r1,363,8,2,373,97.32,0.54,335,0,340,98.53,0.0,0,1,0,0,10.73,88,8205,1.05
1BUH,AlphaFold,relaxed_cartesian_ref15,ranked_3_r2,364,8,1,373,97.59,0.27,338,0,340,99.41,0.0,0,1,0,0,11.58,95,8206,1.08
1BUH,AlphaFold,relaxed_normal_beta,ranked_3_r3,363,8,2,373,97.32,0.54,336,0,340,98.82,0.0,0,1,0,0,11.94,98,8205,1.09
1BUH,AlphaFold,relaxed_normal_beta,ranked_3_r4,363,7,3,373,97.32,0.8,336,0,340,98.82,0.0,0,1,0,0,11.21,92,8205,1.07
1BUH,AlphaFold,relaxed_cartesian_beta,ranked_3_r5,366,6,1,373,98.12,0.27,339,0,340,99.71,0.0,0,1,0,0,9.87,81,8206,1.02
1BUH,AlphaFold,relaxed_cartesian_beta,ranked_3_r1,366,6,1,373,98.12,0.27,337,0,340,99.12,0.0,0,1,0,0,9.14,75,8206,0.99
1BUH,AlphaFold,relaxed_normal_beta,ranked_3_r2,362,9,2,373,97.05,0.54,336,0,340,98.82,0.0,0,1,0,0,11.21,92,8205,1.07
1BUH,AlphaFold,relaxed_cartesian_beta,ranked_3_r3,363,9,1,373,97.32,0.27,338,0,340,99.41,0.0,0,1,0,0,9.99,82,8206,1.02
1BUH,AlphaFold,relaxed_dualspace_beta,ranked_3_r3,366,6,1,373,98.12,0.27,338,0,340,99.41,0.0,0,1,0,0,9.76,80,8198,1.01
1BUH,AlphaFold,relaxed_dualspace_beta,ranked_3_r4,368,4,1,373,98.66,0.27,337,0,340,99.12,0.0,0,1,0,0,8.54,70,8198,0.96
1BUH,AlphaFold,relaxed_cartesian_beta,ranked_3_r4,366,6,1,373,98.12,0.27,339,0,340,99.71,0.0,0,1,0,0,9.26,76,8206,0.99
1BUH,AlphaFold,relaxed_cartesian_beta,ranked_3_r2,365,7,1,373,97.86,0.27,338,0,340,99.41,0.0,0,1,0,0,10.24,84,8206,1.03
1BUH,AlphaFold,relaxed_dualspace_beta,ranked_3_r2,366,6,1,373,98.12,0.27,339,0,340,99.71,0.0,0,1,0,0,10.49,86,8198,1.04
1BUH,AlphaFold,relaxed_dualspace_beta,ranked_3_r1,366,6,1,373,98.12,0.27,337,0,340,99.12,0.0,0,1,0,0,10.37,85,8198,1.04
1BUH,AlphaFold,relaxed_dualspace_beta,ranked_3_r5,366,6,1,373,98.12,0.27,338,0,340,99.41,0.0,0,1,0,0,10.12,83,8198,1.03
1BUH,AlphaFold,relaxed_dualspace_ref15,ranked_4_r3,365,7,1,373,97.86,0.27,338,0,340,99.41,0.0,0,1,0,0,10.49,86,8198,1.04
1BUH,AlphaFold,relaxed_dualspace_ref15,ranked_4_r1,367,5,1,373,98.39,0.27,338,0,340,99.41,0.0,0,1,0,0,11.71,96,8198,1.08
1BUH,AlphaFold,relaxed_dualspace_ref15,ranked_4_r5,365,7,1,373,97.86,0.27,338,0,340,99.41,0.0,0,1,0,0,12.56,103,8198,1.11
1BUH,AlphaFold,relaxed_dualspace_ref15,ranked_4_r2,366,6,1,373,98.12,0.27,338,0,340,99.41,0.0,0,1,0,0,11.47,94,8198,1.07
1BUH,AlphaFold,relaxed_dualspace_ref15,ranked_4_r4,365,7,1,373,97.86,0.27,338,0,340,99.41,0.0,0,1,0,0,9.76,80,8198,1.01
1BUH,AlphaFold,relaxed_normal_ref15,ranked_4_r5,364,8,1,373,97.59,0.27,337,0,340,99.12,0.0,0,1,0,0,12.57,103,8197,1.11
1BUH,AlphaFold,relaxed_normal_ref15,ranked_4_r1,363,9,1,373,97.32,0.27,338,0,340,99.41,0.0,0,1,0,0,13.3,109,8197,1.13
1BUH,AlphaFold,relaxed_normal_ref15,ranked_4_r2,365,7,1,373,97.86,0.27,338,0,340,99.41,0.0,0,1,0,0,13.05,107,8197,1.13
1BUH,AlphaFold,relaxed_cartesian_ref15,ranked_4_r3,366,6,1,373,98.12,0.27,336,0,340,98.82,0.0,0,1,0,0,12.55,103,8206,1.11
1BUH,AlphaFold,relaxed_normal_ref15,ranked_4_r3,363,9,1,373,97.32,0.27,338,0,340,99.41,0.0,0,1,0,0,13.05,107,8197,1.13
1BUH,AlphaFold,relaxed_cartesian_ref15,ranked_4_r1,366,6,1,373,98.12,0.27,338,0,340,99.41,0.0,0,1,0,0,12.67,104,8206,1.11
1BUH,AlphaFold,relaxed_cartesian_ref15,ranked_4_r5,365,7,1,373,97.86,0.27,337,0,340,99.12,0.0,0,1,0,0,13.04,107,8206,1.13
1BUH,AlphaFold,relaxed_normal_ref15,ranked_4_r4,361,11,1,373,96.78,0.27,338,0,340,99.41,0.0,0,1,0,0,13.05,107,8197,1.13
1BUH,AlphaFold,relaxed_normal_beta,ranked_4_r3,364,7,2,373,97.59,0.54,337,0,340,99.12,0.0,0,1,0,0,10.74,88,8197,1.05
1BUH,AlphaFold,relaxed_cartesian_ref15,ranked_4_r2,367,5,1,373,98.39,0.27,338,0,340,99.41,0.0,0,1,0,0,12.92,106,8206,1.12
1BUH,AlphaFold,relaxed_cartesian_ref15,ranked_4_r4,365,7,1,373,97.86,0.27,339,0,340,99.71,0.0,0,1,0,0,12.67,104,8206,1.11
1BUH,AlphaFold,relaxed_normal_beta,ranked_4_r1,364,8,1,373,97.59,0.27,336,0,340,98.82,0.0,0,1,0,0,10.0,82,8197,1.02
1BUH,AlphaFold,relaxed_normal_beta,ranked_4_r2,363,8,2,373,97.32,0.54,337,0,340,99.12,0.0,0,1,0,0,10.37,85,8197,1.04
1BUH,AlphaFold,relaxed_normal_beta,ranked_4_r5,364,7,2,373,97.59,0.54,339,0,340,99.71,0.0,0,1,0,0,11.22,92,8197,1.07
1BUH,AlphaFold,relaxed_cartesian_beta,ranked_4_r3,367,5,1,373,98.39,0.27,339,0,340,99.71,0.0,0,1,0,0,7.68,63,8206,0.92
1BUH,AlphaFold,relaxed_normal_beta,ranked_4_r4,363,8,2,373,97.32,0.54,336,0,340,98.82,0.0,0,1,0,0,11.22,92,8197,1.07
1BUH,AlphaFold,relaxed_cartesian_beta,ranked_4_r5,365,7,1,373,97.86,0.27,339,0,340,99.71,0.0,0,1,0,0,8.77,72,8206,0.97
1BUH,AlphaFold,relaxed_cartesian_beta,ranked_4_r1,367,5,1,373,98.39,0.27,338,0,340,99.41,0.0,0,1,0,0,8.65,71,8206,0.97
1BUH,AlphaFold,relaxed_cartesian_beta,ranked_4_r4,366,6,1,373,98.12,0.27,339,0,340,99.71,0.0,0,1,0,0,7.8,64,8206,0.93
1BUH,AlphaFold,relaxed_cartesian_beta,ranked_4_r2,366,6,1,373,98.12,0.27,339,0,340,99.71,0.0,0,1,0,0,8.65,71,8206,0.97
1BUH,AlphaFold,relaxed_dualspace_beta,ranked_4_r3,366,6,1,373,98.12,0.27,339,0,340,99.71,0.0,0,1,0,0,8.66,71,8198,0.97
1BUH,AlphaFold,relaxed_dualspace_beta,ranked_4_r1,367,5,1,373,98.39,0.27,338,0,340,99.41,0.0,0,1,0,0,8.78,72,8198,0.97
1BUH,AlphaFold,relaxed_dualspace_beta,ranked_4_r2,366,6,1,373,98.12,0.27,337,0,340,99.12,0.0,0,1,0,0,10.49,86,8198,1.04
1BUH,AlphaFold,relaxed_dualspace_beta,ranked_4_r5,366,6,1,373,98.12,0.27,338,0,340,99.41,0.0,0,1,0,0,9.76,80,8198,1.01
1BUH,AlphaFold,relaxed_dualspace_beta,ranked_4_r4,366,6,1,373,98.12,0.27,339,0,340,99.71,0.0,0,1,0,0,9.15,75,8198,0.99
1BUH,AlphaFold,relaxed_dualspace_ref15,ranked_2_r1,364,8,1,373,97.59,0.27,337,0,340,99.12,0.0,0,1,0,0,11.95,98,8198,1.09
1BUH,AlphaFold,relaxed_dualspace_ref15,ranked_2_r3,366,6,1,373,98.12,0.27,337,0,340,99.12,0.0,0,1,0,0,10.98,90,8198,1.06
1BUH,AlphaFold,relaxed_dualspace_ref15,ranked_2_r5,363,9,1,373,97.32,0.27,337,0,340,99.12,0.0,0,1,0,0,11.71,96,8198,1.08
1BUH,AlphaFold,relaxed_dualspace_ref15,ranked_2_r2,362,10,1,373,97.05,0.27,336,0,340,98.82,0.0,0,1,0,0,12.08,99,8198,1.1
1BUH,AlphaFold,relaxed_normal_ref15,ranked_2_r1,364,8,1,373,97.59,0.27,338,0,340,99.41,0.0,0,1,0,0,12.19,100,8204,1.1
1BUH,AlphaFold,relaxed_dualspace_ref15,ranked_2_r4,364,8,1,373,97.59,0.27,338,0,340,99.41,0.0,0,1,0,0,10.61,87,8198,1.04
1BUH,AlphaFold,relaxed_normal_ref15,ranked_2_r3,365,7,1,373,97.86,0.27,337,0,340,99.12,0.0,0,1,0,0,12.92,106,8204,1.12
1BUH,AlphaFold,relaxed_normal_ref15,ranked_2_r2,364,8,1,373,97.59,0.27,337,0,340,99.12,0.0,0,1,0,0,12.07,99,8204,1.09
1BUH,AlphaFold,relaxed_normal_ref15,ranked_2_r5,363,9,1,373,97.32,0.27,338,0,340,99.41,0.0,0,1,0,0,12.68,104,8204,1.11
1BUH,AlphaFold,relaxed_normal_ref15,ranked_2_r4,362,9,2,373,97.05,0.54,337,0,340,99.12,0.0,0,1,0,0,12.55,103,8204,1.11
1BUH,AlphaFold,relaxed_cartesian_ref15,ranked_2_r3,364,8,1,373,97.59,0.27,337,0,340,99.12,0.0,0,1,0,0,11.58,95,8206,1.08
1BUH,AlphaFold,relaxed_cartesian_ref15,ranked_2_r1,362,10,1,373,97.05,0.27,339,0,340,99.71,0.0,0,1,0,0,12.92,106,8206,1.12
1BUH,AlphaFold,relaxed_cartesian_ref15,ranked_2_r4,365,7,1,373,97.86,0.27,338,0,340,99.41,0.0,0,1,0,0,11.7,96,8206,1.08
1BUH,AlphaFold,relaxed_normal_beta,ranked_2_r1,363,9,1,373,97.32,0.27,335,0,340,98.53,0.0,0,1,0,0,11.94,98,8205,1.09
1BUH,AlphaFold,relaxed_cartesian_ref15,ranked_2_r5,363,9,1,373,97.32,0.27,337,0,340,99.12,0.0,0,1,0,0,12.06,99,8206,1.09
1BUH,AlphaFold,relaxed_cartesian_ref15,ranked_2_r2,365,7,1,373,97.86,0.27,338,0,340,99.41,0.0,0,1,0,0,11.09,91,8206,1.06
1BUH,AlphaFold,relaxed_normal_beta,ranked_2_r3,364,8,1,373,97.59,0.27,335,0,340,98.53,0.0,0,1,0,0,9.87,81,8204,1.02
1BUH,AlphaFold,relaxed_normal_beta,ranked_2_r2,364,8,1,373,97.59,0.27,337,0,340,99.12,0.0,0,1,0,0,9.63,79,8204,1.01
1BUH,AlphaFold,relaxed_normal_beta,ranked_2_r5,363,9,1,373,97.32,0.27,337,0,340,99.12,0.0,0,1,0,0,9.63,79,8204,1.01
1BUH,AlphaFold,relaxed_normal_beta,ranked_2_r4,364,8,1,373,97.59,0.27,336,0,340,98.82,0.0,0,1,0,0,11.58,95,8205,1.08
1BUH,AlphaFold,relaxed_cartesian_beta,ranked_2_r1,365,7,1,373,97.86,0.27,337,0,340,99.12,0.0,0,1,0,0,9.38,77,8206,1.0
1BUH,AlphaFold,relaxed_cartesian_beta,ranked_2_r3,365,7,1,373,97.86,0.27,339,0,340,99.71,0.0,1,1,0,0,8.53,70,8206,0.96
1BUH,AlphaFold,relaxed_cartesian_beta,ranked_2_r5,366,6,1,373,98.12,0.27,339,0,340,99.71,0.0,0,1,0,0,8.77,72,8206,0.97
1BUH,AlphaFold,relaxed_cartesian_beta,ranked_2_r2,365,7,1,373,97.86,0.27,339,0,340,99.71,0.0,0,1,0,0,8.77,72,8206,0.97
1BUH,AlphaFold,relaxed_dualspace_beta,ranked_2_r5,364,8,1,373,97.59,0.27,338,0,340,99.41,0.0,0,1,0,0,9.03,74,8198,0.98
1BUH,AlphaFold,relaxed_dualspace_beta,ranked_2_r3,366,6,1,373,98.12,0.27,337,0,340,99.12,0.0,0,1,0,0,8.17,67,8198,0.94
1BUH,AlphaFold,relaxed_dualspace_beta,ranked_2_r1,366,6,1,373,98.12,0.27,338,0,340,99.41,0.0,0,1,0,0,9.03,74,8198,0.98
1BUH,AlphaFold,relaxed_cartesian_beta,ranked_2_r4,365,7,1,373,97.86,0.27,339,0,340,99.71,0.0,1,1,0,0,9.02,74,8206,0.98
1BUH,AlphaFold,relaxed_dualspace_beta,ranked_2_r2,366,6,1,373,98.12,0.27,337,0,340,99.12,0.0,0,1,0,0,8.42,69,8198,0.96
1BUH,AlphaFold,relaxed_dualspace_beta,ranked_2_r4,366,6,1,373,98.12,0.27,338,0,340,99.41,0.0,0,1,0,0,8.05,66,8198,0.94
1BUH,Boltz,relaxed_dualspace_ref15,boltz_input_model_2_r2,367,6,0,373,98.39,0.0,335,0,340,98.53,0.0,0,1,0,0,13.3,109,8198,1.13
1BUH,Boltz,relaxed_dualspace_ref15,boltz_input_model_2_r4,368,5,0,373,98.66,0.0,337,0,340,99.12,0.0,0,1,0,0,12.81,105,8198,1.12
1BUH,Boltz,relaxed_dualspace_ref15,boltz_input_model_2_r1,366,7,0,373,98.12,0.0,336,0,340,98.82,0.0,0,1,0,0,13.42,110,8198,1.14
1BUH,Boltz,relaxed_normal_ref15,boltz_input_model_2_r2,369,4,0,373,98.93,0.0,335,0,340,98.53,0.0,0,1,0,0,11.21,92,8206,1.07
1BUH,Boltz,relaxed_normal_ref15,boltz_input_model_2_r1,367,6,0,373,98.39,0.0,337,0,340,99.12,0.0,0,1,0,0,10.24,84,8206,1.03
1BUH,Boltz,relaxed_normal_ref15,boltz_input_model_2_r4,368,5,0,373,98.66,0.0,335,0,340,98.53,0.0,0,1,0,0,11.82,97,8206,1.09
1BUH,Boltz,relaxed_dualspace_ref15,boltz_input_model_2_r5,367,5,1,373,98.39,0.27,337,0,340,99.12,0.0,0,1,0,0,13.05,107,8198,1.13
1BUH,Boltz,relaxed_normal_ref15,boltz_input_model_2_r3,369,4,0,373,98.93,0.0,336,0,340,98.82,0.0,0,1,0,0,9.87,81,8206,1.02
1BUH,Boltz,relaxed_normal_ref15,boltz_input_model_2_r5,367,6,0,373,98.39,0.0,335,0,340,98.53,0.0,0,1,0,0,11.94,98,8206,1.09
1BUH,Boltz,relaxed_dualspace_ref15,boltz_input_model_2_r3,368,5,0,373,98.66,0.0,337,0,340,99.12,0.0,0,1,0,0,12.56,103,8198,1.11
1BUH,Boltz,relaxed_cartesian_ref15,boltz_input_model_2_r2,365,8,0,373,97.86,0.0,337,0,340,99.12,0.0,0,1,0,0,12.67,104,8206,1.11
1BUH,Boltz,relaxed_cartesian_ref15,boltz_input_model_2_r4,366,6,1,373,98.12,0.27,338,0,340,99.41,0.0,0,1,0,0,12.55,103,8206,1.11
1BUH,Boltz,relaxed_cartesian_ref15,boltz_input_model_2_r1,365,8,0,373,97.86,0.0,338,0,340,99.41,0.0,0,1,0,0,12.92,106,8206,1.12
1BUH,Boltz,relaxed_normal_beta,boltz_input_model_2_r2,367,6,0,373,98.39,0.0,337,0,340,99.12,0.0,0,1,0,0,9.63,79,8206,1.01
1BUH,Boltz,relaxed_cartesian_ref15,boltz_input_model_2_r3,366,7,0,373,98.12,0.0,338,0,340,99.41,0.0,0,1,0,0,12.92,106,8206,1.12
1BUH,Boltz,relaxed_normal_beta,boltz_input_model_2_r1,366,7,0,373,98.12,0.0,337,0,340,99.12,0.0,0,1,0,0,9.99,82,8206,1.02
1BUH,Boltz,relaxed_cartesian_ref15,boltz_input_model_2_r5,364,8,1,373,97.59,0.27,338,0,340,99.41,0.0,0,1,0,0,13.4,110,8206,1.14
1BUH,Boltz,relaxed_normal_beta,boltz_input_model_2_r5,366,7,0,373,98.12,0.0,336,0,340,98.82,0.0,0,1,0,0,9.63,79,8206,1.01
1BUH,Boltz,relaxed_cartesian_beta,boltz_input_model_2_r2,367,6,0,373,98.39,0.0,338,0,340,99.41,0.0,0,1,0,0,8.9,73,8206,0.98
1BUH,Boltz,relaxed_normal_beta,boltz_input_model_2_r3,366,7,0,373,98.12,0.0,338,0,340,99.41,0.0,0,1,0,0,9.14,75,8206,0.99
1BUH,Boltz,relaxed_normal_beta,boltz_input_model_2_r4,364,9,0,373,97.59,0.0,337,0,340,99.12,0.0,0,1,0,0,10.85,89,8206,1.05
1BUH,Boltz,relaxed_cartesian_beta,boltz_input_model_2_r4,366,7,0,373,98.12,0.0,336,0,340,98.82,0.0,0,1,0,0,8.29,68,8206,0.95
1BUH,Boltz,relaxed_cartesian_beta,boltz_input_model_2_r1,367,6,0,373,98.39,0.0,338,0,340,99.41,0.0,0,1,0,0,8.9,73,8206,0.98
1BUH,Boltz,relaxed_cartesian_beta,boltz_input_model_2_r5,366,7,0,373,98.12,0.0,338,0,340,99.41,0.0,0,1,0,0,7.92,65,8206,0.93
1BUH,Boltz,relaxed_cartesian_beta,boltz_input_model_2_r3,364,9,0,373,97.59,0.0,338,0,340,99.41,0.0,0,1,0,0,9.02,74,8206,0.98
1BUH,Boltz,relaxed_dualspace_ref15,boltz_input_model_3_r2,365,8,0,373,97.86,0.0,337,0,340,99.12,0.0,0,1,0,0,12.56,103,8198,1.11
1BUH,Boltz,relaxed_dualspace_beta,boltz_input_model_2_r3,365,8,0,373,97.86,0.0,336,0,340,98.82,0.0,0,1,0,0,10.12,83,8198,1.03
1BUH,Boltz,relaxed_dualspace_ref15,boltz_input_model_3_r1,366,7,0,373,98.12,0.0,334,0,340,98.24,0.0,0,1,0,0,11.59,95,8198,1.08
1BUH,Boltz,relaxed_dualspace_beta,boltz_input_model_2_r2,366,7,0,373,98.12,0.0,336,0,340,98.82,0.0,0,1,0,0,9.51,78,8198,1.0
1BUH,Boltz,relaxed_dualspace_beta,boltz_input_model_2_r1,366,7,0,373,98.12,0.0,335,0,340,98.53,0.0,0,1,0,0,10.37,85,8198,1.04
1BUH,Boltz,relaxed_dualspace_beta,boltz_input_model_2_r4,365,8,0,373,97.86,0.0,336,0,340,98.82,0.0,0,1,0,0,9.64,79,8198,1.01
1BUH,Boltz,relaxed_dualspace_ref15,boltz_input_model_3_r4,365,8,0,373,97.86,0.0,338,0,340,99.41,0.0,0,1,0,0,13.42,110,8198,1.14
1BUH,Boltz,relaxed_dualspace_beta,boltz_input_model_2_r5,366,7,0,373,98.12,0.0,338,0,340,99.41,0.0,0,1,0,0,9.51,78,8198,1.0
1BUH,Boltz,relaxed_dualspace_ref15,boltz_input_model_3_r5,365,8,0,373,97.86,0.0,337,0,340,99.12,0.0,0,1,0,0,12.56,103,8198,1.11
1BUH,Boltz,relaxed_dualspace_ref15,boltz_input_model_3_r3,364,9,0,373,97.59,0.0,335,0,340,98.53,0.0,0,1,0,0,13.66,112,8198,1.14
1BUH,Boltz,relaxed_normal_ref15,boltz_input_model_3_r4,367,6,0,373,98.39,0.0,336,0,340,98.82,0.0,0,1,0,0,11.82,97,8206,1.09
1BUH,Boltz,relaxed_normal_ref15,boltz_input_model_3_r2,367,6,0,373,98.39,0.0,334,0,340,98.24,0.0,0,1,0,0,12.43,102,8206,1.11
1BUH,Boltz,relaxed_normal_ref15,boltz_input_model_3_r1,368,5,0,373,98.66,0.0,336,0,340,98.82,0.0,0,1,0,0,12.06,99,8206,1.09
1BUH,Boltz,relaxed_normal_ref15,boltz_input_model_3_r3,368,5,0,373,98.66,0.0,336,0,340,98.82,0.0,0,1,0,0,12.19,100,8206,1.1
1BUH,Boltz,relaxed_normal_ref15,boltz_input_model_3_r5,365,8,0,373,97.86,0.0,336,0,340,98.82,0.0,0,1,0,0,11.82,97,8206,1.09
1BUH,Boltz,relaxed_cartesian_ref15,boltz_input_model_3_r5,363,10,0,373,97.32,0.0,337,0,340,99.12,0.0,0,1,0,0,13.04,107,8206,1.13
1BUH,Boltz,relaxed_cartesian_ref15,boltz_input_model_3_r2,364,8,1,373,97.59,0.27,336,0,340,98.82,0.0,0,1,0,0,13.77,113,8206,1.15
1BUH,Boltz,relaxed_cartesian_ref15,boltz_input_model_3_r3,365,8,0,373,97.86,0.0,337,0,340,99.12,0.0,0,1,0,0,13.77,113,8206,1.15
1BUH,Boltz,relaxed_cartesian_ref15,boltz_input_model_3_r1,363,10,0,373,97.32,0.0,336,0,340,98.82,0.0,0,1,0,0,13.28,109,8206,1.13
1BUH,Boltz,relaxed_cartesian_ref15,boltz_input_model_3_r4,364,9,0,373,97.59,0.0,336,0,340,98.82,0.0,0,1,0,0,12.67,104,8206,1.11
1BUH,Boltz,relaxed_normal_beta,boltz_input_model_3_r4,364,9,0,373,97.59,0.0,334,0,340,98.24,0.0,0,1,0,0,8.9,73,8206,0.98
1BUH,Boltz,relaxed_normal_beta,boltz_input_model_3_r2,365,8,0,373,97.86,0.0,336,0,340,98.82,0.0,0,1,0,0,9.02,74,8206,0.98
1BUH,Boltz,relaxed_normal_beta,boltz_input_model_3_r5,366,7,0,373,98.12,0.0,335,0,340,98.53,0.0,0,1,0,0,9.02,74,8206,0.98
1BUH,Boltz,relaxed_normal_beta,boltz_input_model_3_r1,366,7,0,373,98.12,0.0,334,0,340,98.24,0.0,0,1,0,0,9.02,74,8206,0.98
1BUH,Boltz,relaxed_cartesian_beta,boltz_input_model_3_r2,364,9,0,373,97.59,0.0,338,0,340,99.41,0.0,0,1,0,0,7.92,65,8206,0.93
1BUH,Boltz,relaxed_normal_beta,boltz_input_model_3_r3,366,6,1,373,98.12,0.27,337,0,340,99.12,0.0,0,1,0,0,9.87,81,8206,1.02
1BUH,Boltz,relaxed_dualspace_beta,boltz_input_model_3_r4,365,8,0,373,97.86,0.0,336,0,340,98.82,0.0,0,1,0,0,9.88,81,8198,1.02
1BUH,Boltz,relaxed_cartesian_beta,boltz_input_model_3_r4,364,9,0,373,97.59,0.0,338,0,340,99.41,0.0,0,1,0,0,8.29,68,8206,0.95
1BUH,Boltz,relaxed_cartesian_beta,boltz_input_model_3_r1,364,9,0,373,97.59,0.0,337,0,340,99.12,0.0,0,1,0,0,7.8,64,8206,0.93
1BUH,Boltz,relaxed_cartesian_beta,boltz_input_model_3_r5,365,8,0,373,97.86,0.0,338,0,340,99.41,0.0,0,1,0,0,8.53,70,8206,0.96
1BUH,Boltz,relaxed_cartesian_beta,boltz_input_model_3_r3,364,9,0,373,97.59,0.0,338,0,340,99.41,0.0,0,1,0,0,8.77,72,8206,0.97
1BUH,Boltz,relaxed_dualspace_beta,boltz_input_model_3_r2,364,9,0,373,97.59,0.0,336,0,340,98.82,0.0,0,1,0,0,9.76,80,8198,1.01
1BUH,Boltz,relaxed_dualspace_beta,boltz_input_model_3_r5,364,9,0,373,97.59,0.0,336,0,340,98.82,0.0,0,1,0,0,8.78,72,8198,0.97
1BUH,Boltz,relaxed_dualspace_beta,boltz_input_model_3_r1,364,9,0,373,97.59,0.0,338,0,340,99.41,0.0,0,1,0,0,11.1,91,8198,1.06
1BUH,Boltz,relaxed_dualspace_beta,boltz_input_model_3_r3,364,9,0,373,97.59,0.0,337,0,340,99.12,0.0,0,1,0,0,10.73,88,8198,1.05
1BUH,Boltz,relaxed_dualspace_ref15,boltz_input_model_4_r2,367,6,0,373,98.39,0.0,336,0,340,98.82,0.0,0,0,0,0,12.44,102,8198,1.11
1BUH,Boltz,relaxed_normal_ref15,boltz_input_model_4_r4,367,6,0,373,98.39,0.0,337,0,340,99.12,0.0,0,0,0,0,12.31,101,8206,1.1
1BUH,Boltz,relaxed_normal_ref15,boltz_input_model_4_r2,365,8,0,373,97.86,0.0,337,0,340,99.12,0.0,0,0,0,0,12.06,99,8206,1.09
1BUH,Boltz,relaxed_dualspace_ref15,boltz_input_model_4_r3,365,8,0,373,97.86,0.0,338,0,340,99.41,0.0,0,0,0,0,10.86,89,8198,1.05
1BUH,Boltz,relaxed_dualspace_ref15,boltz_input_model_4_r4,368,5,0,373,98.66,0.0,336,0,340,98.82,0.0,0,0,0,0,11.95,98,8198,1.09
1BUH,Boltz,relaxed_normal_ref15,boltz_input_model_4_r1,368,5,0,373,98.66,0.0,337,0,340,99.12,0.0,0,0,0,0,9.99,82,8206,1.02
1BUH,Boltz,relaxed_dualspace_ref15,boltz_input_model_4_r5,365,8,0,373,97.86,0.0,335,0,340,98.53,0.0,0,0,0,0,13.91,114,8198,1.15
1BUH,Boltz,relaxed_dualspace_ref15,boltz_input_model_4_r1,364,9,0,373,97.59,0.0,334,0,340,98.24,0.0,1,0,0,0,14.39,118,8198,1.16
1BUH,Boltz,relaxed_normal_ref15,boltz_input_model_4_r3,366,7,0,373,98.12,0.0,334,0,340,98.24,0.0,0,0,0,0,13.28,109,8206,1.13
1BUH,Boltz,relaxed_normal_ref15,boltz_input_model_4_r5,366,7,0,373,98.12,0.0,336,0,340,98.82,0.0,0,0,0,0,11.94,98,8206,1.09
1BUH,Boltz,relaxed_cartesian_ref15,boltz_input_model_4_r2,367,6,0,373,98.39,0.0,338,0,340,99.41,0.0,0,0,0,0,13.16,108,8206,1.13
1BUH,Boltz,relaxed_cartesian_ref15,boltz_input_model_4_r3,367,5,1,373,98.39,0.27,337,0,340,99.12,0.0,0,0,0,0,12.31,101,8206,1.1
1BUH,Boltz,relaxed_cartesian_ref15,boltz_input_model_4_r4,367,6,0,373,98.39,0.0,337,0,340,99.12,0.0,0,0,0,0,13.89,114,8206,1.15
1BUH,Boltz,relaxed_normal_beta,boltz_input_model_4_r4,366,7,0,373,98.12,0.0,335,0,340,98.53,0.0,0,0,0,0,10.48,86,8206,1.04
1BUH,Boltz,relaxed_normal_beta,boltz_input_model_4_r3,365,8,0,373,97.86,0.0,336,0,340,98.82,0.0,0,0,0,0,9.02,74,8206,0.98
1BUH,Boltz,relaxed_normal_beta,boltz_input_model_4_r2,367,6,0,373,98.39,0.0,334,0,340,98.24,0.0,0,0,0,0,8.9,73,8206,0.98
1BUH,Boltz,relaxed_normal_beta,boltz_input_model_4_r5,367,6,0,373,98.39,0.0,333,0,340,97.94,0.0,0,0,0,0,8.65,71,8206,0.97
1BUH,Boltz,relaxed_normal_beta,boltz_input_model_4_r1,366,7,0,373,98.12,0.0,334,0,340,98.24,0.0,0,0,0,0,10.11,83,8206,1.03
1BUH,Boltz,relaxed_cartesian_ref15,boltz_input_model_4_r1,367,6,0,373,98.39,0.0,336,0,340,98.82,0.0,0,0,0,0,13.16,108,8206,1.13
1BUH,Boltz,relaxed_cartesian_beta,boltz_input_model_4_r2,365,8,0,373,97.86,0.0,339,0,340,99.71,0.0,0,0,0,0,9.99,82,8206,1.02
1BUH,Boltz,relaxed_cartesian_ref15,boltz_input_model_4_r5,366,6,1,373,98.12,0.27,338,0,340,99.41,0.0,0,0,0,0,12.31,101,8206,1.1
1BUH,Boltz,relaxed_cartesian_beta,boltz_input_model_4_r4,368,5,0,373,98.66,0.0,339,0,340,99.71,0.0,0,0,0,0,10.72,88,8206,1.05
1BUH,Boltz,relaxed_cartesian_beta,boltz_input_model_4_r3,365,8,0,373,97.86,0.0,338,0,340,99.41,0.0,0,0,0,0,10.6,87,8206,1.04
1BUH,Boltz,relaxed_cartesian_beta,boltz_input_model_4_r5,366,7,0,373,98.12,0.0,338,0,340,99.41,0.0,0,0,0,0,10.48,86,8206,1.04
1BUH,Boltz,relaxed_cartesian_beta,boltz_input_model_4_r1,366,7,0,373,98.12,0.0,339,0,340,99.71,0.0,0,0,0,0,10.36,85,8206,1.04
1BUH,Boltz,relaxed_dualspace_beta,boltz_input_model_4_r4,368,5,0,373,98.66,0.0,337,0,340,99.12,0.0,0,0,0,0,9.88,81,8198,1.02
1BUH,Boltz,relaxed_dualspace_beta,boltz_input_model_4_r5,369,4,0,373,98.93,0.0,338,0,340,99.41,0.0,0,0,0,0,10.37,85,8198,1.04
1BUH,Boltz,relaxed_dualspace_beta,boltz_input_model_4_r3,369,4,0,373,98.93,0.0,337,0,340,99.12,0.0,0,0,0,0,10.86,89,8198,1.05
1BUH,Boltz,relaxed_dualspace_beta,boltz_input_model_4_r2,367,6,0,373,98.39,0.0,336,0,340,98.82,0.0,1,0,0,0,10.12,83,8198,1.03
1BUH,Boltz,relaxed_dualspace_ref15,boltz_input_model_1_r5,368,5,0,373,98.66,0.0,337,0,340,99.12,0.0,0,1,0,0,12.32,101,8198,1.1
1BUH,Boltz,relaxed_dualspace_beta,boltz_input_model_4_r1,367,6,0,373,98.39,0.0,335,0,340,98.53,0.0,0,0,0,0,10.25,84,8198,1.03
1BUH,Boltz,relaxed_dualspace_ref15,boltz_input_model_1_r3,369,4,0,373,98.93,0.0,338,0,340,99.41,0.0,0,1,0,0,12.08,99,8198,1.1
1BUH,Boltz,relaxed_dualspace_ref15,boltz_input_model_1_r1,368,5,0,373,98.66,0.0,338,0,340,99.41,0.0,0,1,0,0,12.44,102,8198,1.11
1BUH,Boltz,relaxed_dualspace_ref15,boltz_input_model_1_r2,368,5,0,373,98.66,0.0,337,0,340,99.12,0.0,0,1,0,0,11.83,97,8198,1.09
1BUH,Boltz,relaxed_normal_ref15,boltz_input_model_1_r1,367,6,0,373,98.39,0.0,335,0,340,98.53,0.0,0,1,0,0,10.97,90,8206,1.06
1BUH,Boltz,relaxed_normal_ref15,boltz_input_model_1_r5,369,4,0,373,98.93,0.0,335,0,340,98.53,0.0,0,1,0,0,12.19,100,8206,1.1
1BUH,Boltz,relaxed_dualspace_ref15,boltz_input_model_1_r4,367,6,0,373,98.39,0.0,337,0,340,99.12,0.0,0,1,0,0,10.98,90,8198,1.06
1BUH,Boltz,relaxed_normal_ref15,boltz_input_model_1_r4,367,6,0,373,98.39,0.0,335,0,340,98.53,0.0,0,1,0,0,11.46,94,8206,1.07
1BUH,Boltz,relaxed_normal_ref15,boltz_input_model_1_r3,367,6,0,373,98.39,0.0,335,0,340,98.53,0.0,0,1,0,0,11.09,91,8206,1.06
1BUH,Boltz,relaxed_normal_ref15,boltz_input_model_1_r2,368,5,0,373,98.66,0.0,335,0,340,98.53,0.0,0,1,0,0,12.31,101,8206,1.1
1BUH,Boltz,relaxed_cartesian_ref15,boltz_input_model_1_r5,367,5,1,373,98.39,0.27,337,0,340,99.12,0.0,0,1,0,0,13.28,109,8206,1.13
1BUH,Boltz,relaxed_cartesian_ref15,boltz_input_model_1_r3,366,6,1,373,98.12,0.27,337,0,340,99.12,0.0,0,1,0,0,13.28,109,8206,1.13
1BUH,Boltz,relaxed_cartesian_ref15,boltz_input_model_1_r1,368,5,0,373,98.66,0.0,338,0,340,99.41,0.0,0,1,0,0,13.16,108,8206,1.13
1BUH,Boltz,relaxed_cartesian_ref15,boltz_input_model_1_r4,368,5,0,373,98.66,0.0,337,0,340,99.12,0.0,0,1,0,0,13.65,112,8206,1.14
1BUH,Boltz,relaxed_cartesian_ref15,boltz_input_model_1_r2,368,5,0,373,98.66,0.0,337,0,340,99.12,0.0,0,1,0,0,12.8,105,8206,1.12
1BUH,Boltz,relaxed_normal_beta,boltz_input_model_1_r4,365,8,0,373,97.86,0.0,335,1,340,98.53,0.29,0,1,0,0,9.51,78,8206,1.0
1BUH,Boltz,relaxed_normal_beta,boltz_input_model_1_r5,367,6,0,373,98.39,0.0,335,0,340,98.53,0.0,0,1,0,0,10.72,88,8206,1.05
1BUH,Boltz,relaxed_normal_beta,boltz_input_model_1_r1,368,5,0,373,98.66,0.0,333,0,340,97.94,0.0,0,1,0,0,9.87,81,8206,1.02
1BUH,Boltz,relaxed_normal_beta,boltz_input_model_1_r3,367,6,0,373,98.39,0.0,336,0,340,98.82,0.0,0,1,0,0,9.14,75,8206,0.99
1BUH,Boltz,relaxed_normal_beta,boltz_input_model_1_r2,368,5,0,373,98.66,0.0,337,0,340,99.12,0.0,0,1,0,0,9.63,79,8206,1.01
1BUH,Boltz,relaxed_cartesian_beta,boltz_input_model_1_r5,367,6,0,373,98.39,0.0,336,0,340,98.82,0.0,0,1,0,0,8.29,68,8206,0.95
1BUH,Boltz,relaxed_cartesian_beta,boltz_input_model_1_r1,368,5,0,373,98.66,0.0,336,0,340,98.82,0.0,0,1,0,0,8.53,70,8206,0.96
1BUH,Boltz,relaxed_dualspace_beta,boltz_input_model_1_r5,367,6,0,373,98.39,0.0,337,0,340,99.12,0.0,0,1,0,0,10.37,85,8198,1.04
1BUH,Boltz,relaxed_dualspace_beta,boltz_input_model_1_r1,366,7,0,373,98.12,0.0,337,0,340,99.12,0.0,0,1,0,0,9.76,80,8198,1.01
1BUH,Boltz,relaxed_cartesian_beta,boltz_input_model_1_r3,366,7,0,373,98.12,0.0,336,0,340,98.82,0.0,0,1,0,0,9.26,76,8206,0.99
1BUH,Boltz,relaxed_cartesian_beta,boltz_input_model_1_r2,368,5,0,373,98.66,0.0,338,0,340,99.41,0.0,0,1,0,0,7.56,62,8206,0.91
1BUH,Boltz,relaxed_cartesian_beta,boltz_input_model_1_r4,366,7,0,373,98.12,0.0,337,0,340,99.12,0.0,0,1,0,0,8.41,69,8206,0.95
1BUH,Boltz,relaxed_dualspace_beta,boltz_input_model_1_r2,367,6,0,373,98.39,0.0,337,0,340,99.12,0.0,0,1,0,0,10.98,90,8198,1.06
1BUH,Boltz,relaxed_dualspace_beta,boltz_input_model_1_r4,367,6,0,373,98.39,0.0,335,0,340,98.53,0.0,0,1,0,0,10.98,90,8198,1.06
1BUH,Boltz,relaxed_dualspace_beta,boltz_input_model_1_r3,366,7,0,373,98.12,0.0,336,0,340,98.82,0.0,0,1,0,0,9.51,78,8198,1.0
1BUH,Boltz,relaxed_dualspace_ref15,boltz_input_model_0_r1,366,7,0,373,98.12,0.0,337,0,340,99.12,0.0,0,1,0,0,11.71,96,8198,1.08
1BUH,Boltz,relaxed_dualspace_ref15,boltz_input_model_0_r5,368,5,0,373,98.66,0.0,337,0,340,99.12,0.0,0,1,0,0,12.93,106,8198,1.12
1BUH,Boltz,relaxed_normal_ref15,boltz_input_model_0_r1,370,3,0,373,99.2,0.0,336,0,340,98.82,0.0,0,1,0,0,10.11,83,8206,1.03
1BUH,Boltz,relaxed_normal_ref15,boltz_input_model_0_r2,367,6,0,373,98.39,0.0,335,0,340,98.53,0.0,0,1,0,0,10.36,85,8206,1.04
1BUH,Boltz,relaxed_dualspace_ref15,boltz_input_model_0_r4,369,4,0,373,98.93,0.0,334,0,340,98.24,0.0,0,1,0,0,11.22,92,8198,1.07
1BUH,Boltz,relaxed_dualspace_ref15,boltz_input_model_0_r3,368,5,0,373,98.66,0.0,337,0,340,99.12,0.0,0,1,0,0,11.47,94,8198,1.07
1BUH,Boltz,relaxed_normal_ref15,boltz_input_model_0_r5,368,5,0,373,98.66,0.0,335,0,340,98.53,0.0,0,1,0,0,11.82,97,8206,1.09
1BUH,Boltz,relaxed_dualspace_ref15,boltz_input_model_0_r2,368,5,0,373,98.66,0.0,336,0,340,98.82,0.0,0,1,0,0,12.44,102,8198,1.11
1BUH,Boltz,relaxed_normal_ref15,boltz_input_model_0_r3,368,5,0,373,98.66,0.0,336,0,340,98.82,0.0,0,1,0,0,12.06,99,8206,1.09
1BUH,Boltz,relaxed_normal_ref15,boltz_input_model_0_r4,368,5,0,373,98.66,0.0,336,0,340,98.82,0.0,0,1,0,0,11.09,91,8206,1.06
1BUH,Boltz,relaxed_cartesian_ref15,boltz_input_model_0_r1,367,6,0,373,98.39,0.0,337,0,340,99.12,0.0,0,1,0,0,13.4,110,8206,1.14
1BUH,Boltz,relaxed_cartesian_ref15,boltz_input_model_0_r3,366,6,1,373,98.12,0.27,337,0,340,99.12,0.0,0,1,0,0,12.43,102,8206,1.11
1BUH,Boltz,relaxed_cartesian_ref15,boltz_input_model_0_r5,367,6,0,373,98.39,0.0,338,0,340,99.41,0.0,0,1,0,0,13.16,108,8206,1.13
1BUH,Boltz,relaxed_normal_beta,boltz_input_model_0_r5,366,7,0,373,98.12,0.0,338,0,340,99.41,0.0,0,1,0,0,10.11,83,8206,1.03
1BUH,Boltz,relaxed_normal_beta,boltz_input_model_0_r1,366,7,0,373,98.12,0.0,336,0,340,98.82,0.0,0,1,0,0,9.02,74,8206,0.98
1BUH,Boltz,relaxed_cartesian_ref15,boltz_input_model_0_r2,368,5,0,373,98.66,0.0,338,0,340,99.41,0.0,0,1,0,0,14.14,116,8206,1.16
1BUH,Boltz,relaxed_cartesian_ref15,boltz_input_model_0_r4,369,4,0,373,98.93,0.0,337,0,340,99.12,0.0,0,1,0,0,13.65,112,8206,1.14
1BUH,Boltz,relaxed_normal_beta,boltz_input_model_0_r3,366,7,0,373,98.12,0.0,337,0,340,99.12,0.0,0,1,0,0,9.26,76,8206,0.99
1BUH,Boltz,relaxed_normal_beta,boltz_input_model_0_r2,366,7,0,373,98.12,0.0,337,0,340,99.12,0.0,0,1,0,0,8.77,72,8206,0.97
1BUH,Boltz,relaxed_cartesian_beta,boltz_input_model_0_r1,366,7,0,373,98.12,0.0,338,0,340,99.41,0.0,0,1,0,0,10.97,90,8206,1.06
1BUH,Boltz,relaxed_normal_beta,boltz_input_model_0_r4,366,7,0,373,98.12,0.0,337,0,340,99.12,0.0,0,1,0,0,9.87,81,8206,1.02
1BUH,Boltz,relaxed_cartesian_beta,boltz_input_model_0_r3,367,6,0,373,98.39,0.0,338,0,340,99.41,0.0,0,1,0,0,9.02,74,8206,0.98
1BUH,Boltz,relaxed_cartesian_beta,boltz_input_model_0_r5,367,6,0,373,98.39,0.0,339,0,340,99.71,0.0,0,1,0,0,9.87,81,8206,1.02
1BUH,Boltz,relaxed_cartesian_beta,boltz_input_model_0_r2,366,7,0,373,98.12,0.0,337,0,340,99.12,0.0,0,1,0,0,10.48,86,8206,1.04
1BUH,Boltz,relaxed_cartesian_beta,boltz_input_model_0_r4,368,5,0,373,98.66,0.0,338,0,340,99.41,0.0,0,1,0,0,10.36,85,8206,1.04
1BUH,Boltz,relaxed_dualspace_beta,boltz_input_model_0_r1,365,8,0,373,97.86,0.0,336,0,340,98.82,0.0,0,1,0,0,10.12,83,8198,1.03
1BUH,Boltz,relaxed_dualspace_beta,boltz_input_model_0_r3,366,7,0,373,98.12,0.0,337,0,340,99.12,0.0,0,1,0,0,8.9,73,8198,0.98
1BUH,Boltz,relaxed_dualspace_beta,boltz_input_model_0_r5,367,6,0,373,98.39,0.0,337,0,340,99.12,0.0,0,1,0,0,10.49,86,8198,1.04
1BUH,Boltz,relaxed_dualspace_beta,boltz_input_model_0_r2,365,8,0,373,97.86,0.0,337,0,340,99.12,0.0,0,1,0,0,10.98,90,8198,1.06
1BUH,Boltz,relaxed_dualspace_beta,boltz_input_model_0_r4,367,6,0,373,98.39,0.0,336,0,340,98.82,0.0,0,1,0,0,10.25,84,8198,1.03
